"Ngày","Lần cuối","Mở","Cao","Thấp","KL","% Thay đổi"
"31/12/2024","16,700","16,800","16,800","16,600","99.02K","0.00%"
"30/12/2024","16,700","16,500","16,900","16,500","146.23K","0.00%"
"27/12/2024","16,700","17,000","17,000","16,500","338.24K","-0.60%"
"26/12/2024","16,800","17,200","17,300","16,700","554.64K","-2.33%"
"25/12/2024","17,200","17,400","17,500","17,000","592.93K","0.00%"
"24/12/2024","17,200","17,000","17,700","17,000","824.65K","1.18%"
"23/12/2024","17,000","17,300","17,600","16,900","404.82K","-1.16%"
"20/12/2024","17,200","16,800","17,600","16,700","968.32K","2.38%"
"19/12/2024","16,800","16,100","17,000","15,900","548.97K","3.07%"
"18/12/2024","16,300","16,200","16,400","16,200","129.06K","-0.61%"
"17/12/2024","16,400","16,600","16,600","16,300","225.96K","-0.61%"
"16/12/2024","16,500","16,100","17,000","16,000","685.05K","2.48%"
"13/12/2024","16,100","16,000","16,100","15,900","94.19K","0.00%"
"12/12/2024","16,100","16,200","16,300","15,900","205.01K","-0.62%"
"11/12/2024","16,200","16,600","16,600","16,000","247.23K","-1.22%"
"10/12/2024","16,400","15,800","16,600","15,800","519.91K","3.80%"
"09/12/2024","15,800","15,800","15,900","15,600","141.31K","0.64%"
"06/12/2024","15,700","15,900","16,000","15,700","142.01K","-1.26%"
"05/12/2024","15,900","15,900","16,100","15,900","97.80K","0.00%"
"04/12/2024","15,900","15,700","16,200","15,600","251.51K","1.27%"
"03/12/2024","15,700","15,500","15,800","15,400","112.73K","1.29%"
"02/12/2024","15,500","15,600","15,800","15,500","52.70K","0.00%"
"29/11/2024","15,500","15,400","15,800","15,400","58.50K","0.65%"
"28/11/2024","15,400","15,600","15,700","15,400","74.02K","-0.65%"
"27/11/2024","15,500","15,500","15,700","15,500","37.70K","-0.64%"
"26/11/2024","15,600","15,600","15,800","15,600","43.68K","0.00%"
"25/11/2024","15,600","15,400","15,600","15,400","39.80K","1.30%"
"22/11/2024","15,400","15,600","15,600","15,300","48.61K","-1.28%"
"21/11/2024","15,600","15,600","15,600","15,400","9.30K","0.00%"
"20/11/2024","15,600","15,400","15,600","15,400","39.80K","1.30%"
"19/11/2024","15,400","15,500","15,700","15,300","307.20K","0.00%"
"18/11/2024","15,400","15,200","15,600","15,200","46.00K","-0.65%"
"15/11/2024","15,500","15,800","15,800","15,300","123.90K","-1.90%"
"14/11/2024","15,800","16,000","16,000","15,600","55.01K","-1.25%"
"13/11/2024","16,000","16,100","16,200","15,800","131.34K","-0.62%"
"12/11/2024","16,100","16,200","16,600","16,100","119.16K","-0.62%"
"11/11/2024","16,200","15,600","16,200","15,600","279.76K","3.85%"
"08/11/2024","15,600","15,900","15,900","15,500","32.70K","-1.27%"
"07/11/2024","15,800","15,900","16,000","15,700","60.62K","0.00%"
"06/11/2024","15,800","15,600","16,000","15,500","88.07K","2.60%"
"05/11/2024","15,400","15,300","15,600","15,300","60.56K","0.00%"
"04/11/2024","15,400","15,400","15,600","15,300","32.10K","0.00%"
"01/11/2024","15,400","15,500","15,500","15,300","27.57K","-0.65%"
"31/10/2024","15,500","15,700","15,700","15,400","34.90K","-1.27%"
"30/10/2024","15,700","15,300","16,000","15,300","195.57K","3.29%"
"29/10/2024","15,200","15,200","15,300","15,200","37.00K","0.66%"
"28/10/2024","15,100","15,100","15,300","15,100","42.31K","0.00%"
"25/10/2024","15,100","15,000","15,200","15,000","22.75K","0.00%"
"24/10/2024","15,100","15,200","15,200","15,100","17.71K","-0.66%"
"23/10/2024","15,200","15,000","15,200","15,000","43.61K","0.00%"
"22/10/2024","15,200","15,100","15,200","15,100","100.90K","0.66%"
"21/10/2024","15,100","15,300","15,300","15,000","17.02K","-0.66%"
"18/10/2024","15,200","15,100","15,200","15,100","37.21K","-0.65%"
"17/10/2024","15,300","15,200","15,300","15,000","25.32K","0.66%"
"16/10/2024","15,200","15,200","15,200","15,100","10.75K","0.00%"
"15/10/2024","15,200","15,300","15,300","15,000","45.00K","-0.65%"
"14/10/2024","15,300","15,300","15,400","15,200","67.71K","1.32%"
"11/10/2024","15,100","15,300","15,300","15,100","22.71K","-0.66%"
"10/10/2024","15,200","15,400","15,400","15,200","21.70K","0.00%"
"09/10/2024","15,200","15,200","15,400","15,100","35.70K","0.00%"
"08/10/2024","15,200","15,100","15,200","15,000","44.14K","1.33%"
"07/10/2024","15,000","14,800","15,200","14,800","64.10K","-0.66%"
"04/10/2024","15,100","15,200","15,200","15,000","96.40K","-0.66%"
"03/10/2024","15,200","15,300","15,300","15,200","87.63K","-0.65%"
"02/10/2024","15,300","15,300","15,400","15,200","45.40K","0.00%"
"01/10/2024","15,300","15,300","15,400","15,200","87.10K","0.00%"
"30/09/2024","15,300","15,400","15,400","15,200","105.31K","0.00%"
"27/09/2024","15,300","15,700","15,700","15,200","64.44K","-0.65%"
"26/09/2024","15,400","15,600","15,600","15,400","80.00K","-0.65%"
"25/09/2024","15,500","15,300","15,700","15,100","366.30K","1.31%"
"24/09/2024","15,300","15,300","15,300","15,100","115.30K","0.00%"
"23/09/2024","15,300","15,500","15,500","15,200","59.07K","-0.65%"
"20/09/2024","15,400","15,600","15,600","15,400","54.30K","0.00%"
"19/09/2024","15,400","15,400","15,500","15,300","52.00K","0.65%"
"18/09/2024","15,300","15,600","15,600","15,300","96.50K","-1.92%"
"17/09/2024","15,600","15,500","15,700","15,300","30.91K","1.30%"
"16/09/2024","15,400","15,700","15,700","15,300","66.22K","-1.28%"
"13/09/2024","15,600","15,700","15,700","15,600","41.80K","-0.64%"
"12/09/2024","15,700","15,800","15,800","15,600","33.20K","0.64%"
"11/09/2024","15,600","15,500","15,800","15,400","79.40K","1.30%"
"10/09/2024","15,400","15,600","15,700","15,300","70.60K","-0.65%"
"09/09/2024","15,500","15,600","15,700","15,500","87.51K","-0.64%"
"06/09/2024","15,600","15,800","15,800","15,400","96.30K","-1.89%"
"05/09/2024","15,900","16,000","16,000","15,600","84.75K","0.63%"
"04/09/2024","15,800","16,200","16,200","15,800","74.50K","-1.86%"
"30/08/2024","16,100","16,100","16,100","15,900","34.61K","0.63%"
"29/08/2024","16,000","16,000","16,200","16,000","41.73K","-1.84%"
"28/08/2024","16,300","15,900","16,300","15,700","153.12K","3.16%"
"27/08/2024","15,800","16,000","16,000","15,600","72.09K","0.00%"
"26/08/2024","15,800","16,000","16,100","15,800","84.93K","-0.63%"
"23/08/2024","15,900","16,100","16,200","15,800","94.83K","-1.24%"
"22/08/2024","16,100","16,200","16,200","15,900","85.44K","0.00%"
"21/08/2024","16,100","16,300","16,400","14,400","121.21K","-1.83%"
"20/08/2024","16,400","16,400","16,500","16,300","116.74K","0.00%"
"19/08/2024","16,400","16,400","16,700","16,300","112.17K","0.00%"
"16/08/2024","16,400","16,000","16,400","15,900","213.23K","3.14%"
"15/08/2024","15,900","16,400","16,400","15,800","144.05K","-3.05%"
"14/08/2024","16,400","16,800","17,000","16,100","215.99K","-1.20%"
"13/08/2024","16,600","15,800","17,500","15,800","717.65K","5.73%"
"12/08/2024","15,700","15,600","15,800","15,400","128.09K","0.64%"
"09/08/2024","15,600","15,500","15,800","15,300","101.24K","2.63%"
"08/08/2024","15,200","15,100","15,400","15,100","116.10K","1.33%"
"07/08/2024","15,000","15,200","15,400","14,800","162.23K","-0.66%"
"06/08/2024","15,100","14,600","15,100","14,600","311.50K","2.72%"
"05/08/2024","14,700","15,200","15,400","14,500","417.05K","-4.55%"
"02/08/2024","15,400","14,900","15,500","14,900","303.20K","1.99%"
"01/08/2024","15,100","15,800","15,800","14,800","629.92K","-4.43%"
"31/07/2024","15,800","15,800","16,000","15,500","290.43K","-0.63%"
"30/07/2024","15,900","16,000","16,000","15,500","147.88K","-0.63%"
"29/07/2024","16,000","16,000","16,300","15,800","182.20K","-0.62%"
"26/07/2024","16,100","15,500","16,100","15,400","229.26K","4.55%"
"25/07/2024","15,400","15,400","15,600","15,200","136.81K","-1.28%"
"24/07/2024","15,600","15,700","15,700","15,000","401.65K","0.00%"
"23/07/2024","15,600","16,000","16,000","15,400","249.22K","-3.70%"
"22/07/2024","16,200","16,500","16,500","15,500","578.25K","-1.82%"
"19/07/2024","16,500","16,500","16,700","16,200","280.20K","-1.79%"
"18/07/2024","16,800","17,100","17,100","16,200","555.90K","0.00%"
"17/07/2024","16,800","17,500","17,700","16,500","656.70K","-4.00%"
"16/07/2024","17,500","17,500","17,600","17,200","333.76K","0.00%"
"15/07/2024","17,500","17,500","17,500","16,900","334.07K","0.00%"
"12/07/2024","17,500","17,900","17,900","17,300","230.12K","-0.57%"
"11/07/2024","17,600","18,300","18,400","17,600","380.50K","-0.56%"
"10/07/2024","17,700","17,508","17,796","17,411","567.50K","1.66%"
"09/07/2024","17,411","17,219","17,604","17,123","421.96K","0.56%"
"08/07/2024","17,315","17,508","17,700","17,123","326.05K","1.12%"
"05/07/2024","17,123","17,315","17,700","17,027","417.82K","0.00%"
"04/07/2024","17,123","16,353","17,315","16,257","531.98K","5.33%"
"03/07/2024","16,257","16,353","16,834","15,969","430.19K","-1.17%"
"02/07/2024","16,450","16,353","16,450","16,065","263.59K","1.18%"
"01/07/2024","16,257","16,930","16,930","15,584","1.00M","-3.98%"
"28/06/2024","16,930","17,315","17,508","16,642","493.35K","-2.22%"
"27/06/2024","17,315","17,604","17,892","17,219","463.45K","-1.10%"
"26/06/2024","17,508","17,315","17,604","17,027","472.80K","1.68%"
"25/06/2024","17,219","18,277","18,277","16,834","1.13M","-5.79%"
"24/06/2024","18,277","18,470","19,143","17,892","1.04M","-1.04%"
"21/06/2024","18,470","17,796","18,662","17,796","989.85K","3.23%"
"20/06/2024","17,892","17,411","18,566","17,219","985.67K","2.76%"
"19/06/2024","17,411","17,892","17,892","15,007","618.02K","-2.16%"
"18/06/2024","17,796","17,027","18,085","17,027","949.17K","4.52%"
"17/06/2024","17,027","17,123","17,123","16,834","567.04K","0.57%"
"14/06/2024","16,930","17,796","17,796","16,834","619.01K","-4.35%"
"13/06/2024","17,700","17,123","18,662","17,123","900.58K","2.79%"
"12/06/2024","17,219","17,315","17,411","16,642","845.59K","-0.56%"
"11/06/2024","17,315","17,796","17,892","17,027","1.32M","-2.70%"
"10/06/2024","17,796","16,834","18,277","16,834","1.21M","5.71%"
"07/06/2024","16,834","14,718","16,834","14,718","1.70M","14.38%"
"06/06/2024","14,718","14,910","14,910","14,622","260.13K","-1.29%"
"05/06/2024","14,910","14,814","15,103","14,814","246.65K","0.65%"
"04/06/2024","14,814","14,718","14,910","14,718","415.12K","0.00%"
"03/06/2024","14,814","14,910","15,007","14,718","248.77K","0.00%"
"31/05/2024","14,814","14,622","15,103","14,622","350.67K","0.65%"
"30/05/2024","14,718","14,429","14,814","14,429","465.50K","2.00%"
"29/05/2024","14,429","14,718","14,814","14,333","610.20K","-0.66%"
"28/05/2024","14,526","14,526","14,814","14,429","317.30K","-0.66%"
"27/05/2024","14,622","14,333","14,910","14,333","752.71K","2.70%"
"24/05/2024","14,237","13,852","14,718","13,564","1.15M","4.23%"
"23/05/2024","13,660","13,467","13,660","13,179","352.00K","2.90%"
"22/05/2024","13,275","13,275","13,467","13,275","290.44K","-0.72%"
"21/05/2024","13,371","13,467","13,467","13,179","129.80K","0.00%"
"20/05/2024","13,371","13,467","13,660","13,371","81.55K","0.72%"
"17/05/2024","13,275","13,275","14,141","13,179","665.10K","0.73%"
"16/05/2024","13,179","13,275","13,275","13,083","132.80K","0.00%"
"15/05/2024","13,179","13,371","13,371","13,083","214.40K","0.00%"
"14/05/2024","13,179","13,275","13,275","13,083","19.91K","-0.72%"
"13/05/2024","13,275","13,371","13,371","13,179","36.29K","-0.72%"
"10/05/2024","13,371","13,371","13,371","13,179","38.11K","0.00%"
"09/05/2024","13,371","13,371","13,371","13,275","6.10K","0.00%"
"08/05/2024","13,371","13,179","13,371","13,179","72.51K","0.72%"
"07/05/2024","13,275","13,179","13,275","13,083","27.41K","0.73%"
"06/05/2024","13,179","13,083","13,275","13,083","54.80K","0.74%"
"03/05/2024","13,083","12,986","13,179","12,986","37.10K","0.74%"
"02/05/2024","12,986","12,890","13,083","12,890","33.60K","0.75%"
"26/04/2024","12,890","12,986","13,083","12,890","23.21K","-0.74%"
"25/04/2024","12,986","12,890","13,083","12,890","80.60K","0.75%"
"24/04/2024","12,890","12,986","13,179","12,890","32.71K","0.00%"
"23/04/2024","12,890","12,986","12,986","12,698","30.50K","-1.47%"
"22/04/2024","13,083","12,698","13,083","12,698","33.71K","1.49%"
"19/04/2024","12,890","13,083","13,083","12,602","187.30K","-1.47%"
"17/04/2024","13,083","13,179","13,275","13,083","15.20K","0.00%"
"16/04/2024","13,083","13,371","13,371","12,986","190.61K","-2.86%"
"15/04/2024","13,467","13,756","13,852","13,275","240.20K","-2.10%"
"12/04/2024","13,756","13,756","13,852","13,660","66.10K","-0.69%"
"11/04/2024","13,852","13,852","13,852","13,660","28.70K","-0.69%"
"10/04/2024","13,948","13,756","13,948","13,564","87.62K","0.69%"
"09/04/2024","13,852","13,756","13,852","13,660","49.34K","0.00%"
"08/04/2024","13,852","13,852","13,948","13,756","57.91K","0.00%"
"05/04/2024","13,852","13,852","13,948","13,756","123.28K","0.00%"
"04/04/2024","13,852","13,948","13,948","13,852","55.90K","-0.69%"
"03/04/2024","13,948","13,852","14,045","13,852","83.40K","0.69%"
"02/04/2024","13,852","14,045","14,141","13,756","115.40K","-0.69%"
"01/04/2024","13,948","13,948","14,045","13,852","110.26K","0.00%"
"29/03/2024","13,948","14,045","14,045","13,948","80.00K","0.00%"
"28/03/2024","13,948","14,045","14,045","13,948","63.70K","-0.68%"
"27/03/2024","14,045","14,045","14,141","13,948","59.71K","0.00%"
"26/03/2024","14,045","13,948","14,141","13,948","110.87K","0.00%"
"25/03/2024","14,045","14,237","14,237","13,948","43.61K","-1.35%"
"22/03/2024","14,237","14,045","14,526","14,045","214.40K","1.37%"
"21/03/2024","14,045","13,948","14,045","13,852","75.60K","0.69%"
"20/03/2024","13,948","13,852","13,948","13,852","38.80K","0.69%"
"19/03/2024","13,852","13,852","13,948","13,756","55.00K","0.00%"
"18/03/2024","13,852","13,948","14,237","13,660","225.22K","-0.69%"
"15/03/2024","13,948","13,948","14,045","13,852","130.11K","0.00%"
"14/03/2024","13,948","14,045","14,141","13,948","73.05K","-1.36%"
"13/03/2024","14,141","13,948","14,237","13,948","57.05K","1.38%"
"12/03/2024","13,948","13,948","14,045","13,852","82.00K","0.00%"
"11/03/2024","13,948","14,141","14,141","13,852","112.40K","-1.36%"
"08/03/2024","14,141","14,333","14,333","14,141","65.91K","-2.00%"
"07/03/2024","14,429","14,526","14,622","14,333","117.60K","-0.66%"
"06/03/2024","14,526","14,429","15,007","14,141","449.82K","0.67%"
"05/03/2024","14,429","14,141","14,429","14,141","305.86K","2.04%"
"04/03/2024","14,141","14,141","14,237","13,948","146.50K","0.68%"
"01/03/2024","14,045","14,045","14,141","13,948","25.60K","0.00%"
"29/02/2024","14,045","14,045","14,237","13,948","52.60K","0.00%"
"28/02/2024","14,045","14,045","14,045","13,948","59.80K","0.69%"
"27/02/2024","13,948","13,948","13,948","13,852","67.50K","0.00%"
"26/02/2024","13,948","13,948","13,948","13,852","52.40K","0.69%"
"23/02/2024","13,852","14,141","14,237","13,852","97.20K","-2.04%"
"22/02/2024","14,141","14,045","14,237","14,045","70.41K","0.68%"
"21/02/2024","14,045","14,141","14,141","14,045","26.60K","-0.68%"
"20/02/2024","14,141","14,237","14,237","14,045","27.82K","0.00%"
"19/02/2024","14,141","14,237","14,333","14,045","55.42K","0.00%"
"16/02/2024","14,141","14,045","14,429","14,045","89.77K","1.38%"
"15/02/2024","13,948","13,948","14,237","13,756","64.01K","0.00%"
"07/02/2024","13,948","14,333","14,429","13,852","45.04K","0.00%"
"06/02/2024","13,948","14,045","14,141","13,948","61.10K","-1.36%"
"05/02/2024","14,141","14,141","14,237","14,045","46.60K","0.68%"
"02/02/2024","14,045","14,141","14,237","14,045","19.60K","0.00%"
"01/02/2024","14,045","13,756","14,141","13,660","161.90K","2.82%"
"31/01/2024","13,660","13,852","13,852","13,660","31.10K","-0.70%"
"30/01/2024","13,756","13,660","13,852","13,660","23.30K","0.70%"
"29/01/2024","13,660","13,660","13,756","13,564","31.40K","-0.70%"
"26/01/2024","13,756","13,564","13,756","13,467","27.33K","0.70%"
"25/01/2024","13,660","13,564","13,660","13,564","22.10K","0.00%"
"24/01/2024","13,660","13,564","13,756","13,564","14.00K","0.00%"
"23/01/2024","13,660","13,756","13,852","13,564","56.40K","-0.70%"
"22/01/2024","13,756","13,852","13,852","13,660","42.81K","-0.69%"
"19/01/2024","13,852","13,948","13,948","13,660","41.51K","0.00%"
"18/01/2024","13,852","13,756","13,852","13,756","29.00K","-0.69%"
"17/01/2024","13,948","14,141","14,141","13,948","30.82K","-1.36%"
"16/01/2024","14,141","14,429","15,103","13,948","73.40K","0.00%"
"15/01/2024","14,141","13,660","15,295","13,660","198.45K","5.00%"
"12/01/2024","13,467","13,660","13,660","13,179","57.50K","0.00%"
"11/01/2024","13,467","13,660","13,660","13,467","47.60K","-0.71%"
"10/01/2024","13,564","13,467","13,564","13,467","42.41K","0.71%"
"09/01/2024","13,467","13,467","13,467","13,371","26.90K","0.00%"
"08/01/2024","13,467","13,467","13,564","13,371","45.79K","-0.71%"
"05/01/2024","13,564","13,564","13,564","13,371","62.30K","0.71%"
"04/01/2024","13,467","13,660","13,660","13,467","56.30K","-2.10%"
"03/01/2024","13,756","13,564","13,756","13,564","31.70K","1.42%"
"02/01/2024","13,564","13,467","13,564","13,467","28.30K","0.71%"
"29/12/2023","13,467","13,467","13,467","13,467","40.50K","0.00%"
"28/12/2023","13,467","13,467","13,467","13,467","19.90K","0.00%"
"27/12/2023","13,467","13,467","13,467","13,467","35.40K","0.72%"
"26/12/2023","13,371","13,371","13,467","13,371","10.30K","0.00%"
"25/12/2023","13,371","13,371","13,371","13,275","36.10K","0.00%"
"22/12/2023","13,371","13,371","13,371","13,371","16.60K","0.00%"
"21/12/2023","13,371","13,275","13,467","13,179","6.70K","0.00%"
"20/12/2023","13,371","13,275","13,371","13,083","46.50K","0.72%"
"19/12/2023","13,275","13,179","13,275","13,083","32.80K","0.00%"
"18/12/2023","13,275","13,275","13,275","13,179","46.50K","0.00%"
"15/12/2023","13,275","13,275","13,371","13,179","52.00K","0.00%"
"14/12/2023","13,275","13,467","13,467","13,275","48.90K","-0.72%"
"13/12/2023","13,371","13,564","13,564","13,275","74.30K","-1.42%"
"12/12/2023","13,564","13,564","13,660","13,467","40.50K","0.71%"
"11/12/2023","13,467","13,564","13,660","13,467","12.90K","-0.71%"
"08/12/2023","13,564","13,756","13,756","13,467","6.30K","0.00%"
"07/12/2023","13,564","13,660","13,756","13,371","54.60K","-0.70%"
"06/12/2023","13,660","13,467","13,660","13,467","65.40K","2.16%"
"05/12/2023","13,371","13,564","13,564","13,371","34.50K","-1.42%"
"04/12/2023","13,564","13,467","13,564","13,275","52.70K","2.17%"
"01/12/2023","13,275","13,179","13,371","13,083","21.10K","0.00%"
"30/11/2023","13,275","13,467","13,564","13,275","29.14K","0.00%"
"29/11/2023","13,275","13,179","13,275","13,083","111.60K","0.00%"
"28/11/2023","13,275","13,275","13,275","13,179","82.50K","0.00%"
"27/11/2023","13,275","13,275","13,371","13,179","90.61K","-0.72%"
"24/11/2023","13,371","13,371","13,371","13,083","74.60K","0.00%"
"23/11/2023","13,371","13,660","13,660","13,371","59.91K","-1.42%"
"22/11/2023","13,564","13,660","13,660","13,467","16.10K","0.71%"
"21/11/2023","13,467","13,660","13,660","13,467","45.80K","-0.71%"
"20/11/2023","13,564","13,371","13,660","13,371","74.90K","0.00%"
"17/11/2023","13,564","13,564","13,756","13,371","70.10K","0.00%"
"16/11/2023","13,564","13,564","13,660","13,467","57.60K","0.00%"
"15/11/2023","13,564","13,564","13,660","13,467","45.80K","0.71%"
"14/11/2023","13,467","13,275","13,564","13,275","41.00K","0.72%"
"13/11/2023","13,371","13,371","13,467","13,275","63.50K","0.00%"
"10/11/2023","13,371","13,756","13,756","13,371","37.50K","-0.71%"
"09/11/2023","13,467","13,660","13,756","13,467","70.60K","-0.71%"
"08/11/2023","13,564","13,371","13,660","13,275","54.20K","1.44%"
"07/11/2023","13,371","13,467","13,467","13,275","13.50K","-0.71%"
"06/11/2023","13,467","13,660","13,756","13,275","9.50K","0.72%"
"03/11/2023","13,371","13,371","13,564","13,371","25.42K","0.00%"
"02/11/2023","13,371","13,371","13,467","12,890","54.80K","2.21%"
"01/11/2023","13,083","13,083","13,179","12,794","53.72K","2.26%"
"31/10/2023","12,794","12,890","13,179","12,794","18.40K","-2.21%"
"30/10/2023","13,083","13,179","13,275","13,083","46.53K","2.26%"
"27/10/2023","12,794","13,179","13,371","12,794","32.91K","-2.21%"
"26/10/2023","13,083","13,660","13,660","12,890","166.51K","-4.90%"
"25/10/2023","13,756","13,660","13,852","13,660","24.70K","0.70%"
"24/10/2023","13,660","13,660","13,660","13,467","28.10K","1.43%"
"23/10/2023","13,467","13,467","13,564","13,371","37.20K","0.00%"
"20/10/2023","13,467","13,467","13,467","13,179","65.20K","0.72%"
"19/10/2023","13,371","13,564","13,564","13,371","151.10K","-0.71%"
"18/10/2023","13,467","13,852","13,852","13,275","179.20K","-1.41%"
"17/10/2023","13,660","13,948","14,141","13,660","114.84K","-2.07%"
"16/10/2023","13,948","13,756","14,045","13,756","99.12K","0.69%"
"13/10/2023","13,852","13,852","13,852","13,756","17.65K","0.70%"
"12/10/2023","13,756","13,948","14,045","13,756","142.50K","-1.38%"
"11/10/2023","13,948","14,045","14,045","13,756","55.54K","-0.68%"
"10/10/2023","14,045","13,852","14,141","13,756","44.00K","1.39%"
"09/10/2023","13,852","13,756","13,852","13,660","8.44K","1.41%"
"06/10/2023","13,660","13,564","13,660","13,371","42.94K","1.43%"
"05/10/2023","13,467","13,852","13,852","13,371","122.91K","-2.10%"
"04/10/2023","13,756","13,852","13,948","13,660","33.65K","0.00%"
"03/10/2023","13,756","13,948","14,045","13,564","55.00K","-1.38%"
"02/10/2023","13,948","14,141","14,333","13,948","42.50K","0.00%"
"29/09/2023","13,948","13,852","14,333","13,852","48.20K","2.11%"
"28/09/2023","13,660","13,756","13,948","13,660","18.90K","-2.07%"
"27/09/2023","13,948","13,948","14,045","13,467","92.35K","0.69%"
"26/09/2023","13,852","13,948","14,237","13,852","84.80K","-0.69%"
"25/09/2023","13,948","14,333","14,429","13,852","129.70K","-2.68%"
"22/09/2023","14,333","14,622","14,622","14,141","157.20K","-1.97%"
"21/09/2023","14,622","14,910","15,103","14,622","95.80K","-2.56%"
"20/09/2023","15,007","14,910","15,295","14,814","65.80K","-0.64%"
"19/09/2023","15,103","15,103","15,103","14,718","84.11K","0.00%"
"18/09/2023","15,103","15,199","15,295","15,007","89.70K","0.00%"
"15/09/2023","15,103","15,776","15,776","15,007","203.58K","-3.68%"
"14/09/2023","15,680","16,161","16,257","15,488","133.63K","-2.98%"
"13/09/2023","16,161","14,910","16,834","14,910","1.03M","8.39%"
"12/09/2023","14,910","14,814","15,007","14,718","27.20K","1.31%"
"11/09/2023","14,718","15,007","15,103","14,718","77.57K","-1.92%"
"08/09/2023","15,007","15,007","15,199","14,814","104.68K","1.30%"
"07/09/2023","14,814","14,718","15,199","14,622","330.80K","1.32%"
"06/09/2023","14,622","14,429","14,718","14,333","152.22K","1.33%"
"05/09/2023","14,429","14,429","14,429","14,141","90.27K","0.00%"
"31/08/2023","14,429","14,333","14,429","14,141","70.06K","1.35%"
"30/08/2023","14,237","14,333","14,429","14,237","32.20K","-1.33%"
"29/08/2023","14,429","14,526","14,526","14,237","75.80K","-0.66%"
"28/08/2023","14,526","14,045","14,526","14,045","144.50K","3.42%"
"25/08/2023","14,045","14,045","14,141","13,948","48.17K","0.00%"
"24/08/2023","14,045","13,948","14,141","13,852","77.30K","1.39%"
"23/08/2023","13,852","13,948","13,948","13,756","28.11K","-0.69%"
"22/08/2023","13,948","13,852","13,948","13,467","87.40K","0.00%"
"21/08/2023","13,948","12,602","14,237","12,602","128.60K","-0.68%"
"18/08/2023","14,045","14,718","14,718","14,045","298.10K","-4.57%"
"17/08/2023","14,718","14,910","14,910","14,718","106.15K","-1.29%"
"16/08/2023","14,910","15,103","15,103","14,910","84.71K","-0.64%"
"15/08/2023","15,007","15,103","15,199","15,007","91.11K","0.00%"
"14/08/2023","15,007","14,910","15,295","14,814","175.17K","0.65%"
"11/08/2023","14,910","14,814","15,007","14,718","184.02K","0.65%"
"10/08/2023","14,814","15,007","15,007","14,718","140.80K","-0.65%"
"09/08/2023","14,910","15,007","15,103","14,910","131.56K","-1.27%"
"08/08/2023","15,103","15,103","15,295","15,007","155.60K","0.00%"
"07/08/2023","15,103","15,295","15,391","15,007","183.60K","0.00%"
"04/08/2023","15,103","15,007","15,199","15,007","91.30K","1.29%"
"03/08/2023","14,910","15,007","15,295","14,910","292.40K","0.00%"
"02/08/2023","14,910","15,007","15,007","14,814","205.35K","-0.64%"
"01/08/2023","15,007","15,199","15,199","14,910","188.20K","-1.27%"
"31/07/2023","15,199","15,103","15,488","15,007","234.77K","0.64%"
"28/07/2023","15,103","15,007","15,103","14,910","76.53K","0.64%"
"27/07/2023","15,007","14,910","15,199","14,429","122.10K","-0.64%"
"26/07/2023","15,103","15,391","15,391","15,007","77.33K","-1.26%"
"25/07/2023","15,295","15,103","15,391","14,910","351.40K","2.58%"
"24/07/2023","14,910","15,103","15,103","14,718","83.10K","-0.64%"
"21/07/2023","15,007","14,718","15,103","14,718","102.50K","0.65%"
"20/07/2023","14,910","14,622","14,910","14,526","90.80K","1.31%"
"19/07/2023","14,718","15,007","15,007","14,718","90.20K","-0.65%"
"18/07/2023","14,814","14,814","14,814","14,718","77.20K","0.00%"
"17/07/2023","14,814","14,622","15,103","14,622","117.70K","1.32%"
"14/07/2023","14,622","14,718","14,718","14,526","118.00K","-0.65%"
"13/07/2023","14,718","14,718","14,910","14,526","100.70K","0.66%"
"12/07/2023","14,622","14,814","14,814","14,526","75.70K","-1.30%"
"11/07/2023","14,814","14,910","14,910","14,718","79.70K","-0.65%"
"10/07/2023","14,910","14,429","15,295","14,333","323.41K","3.33%"
"07/07/2023","14,429","14,141","14,429","14,141","72.90K","0.67%"
"06/07/2023","14,333","14,333","14,429","14,141","96.30K","0.00%"
"05/07/2023","14,333","14,237","14,333","14,237","38.42K","0.00%"
"04/07/2023","14,333","14,333","14,333","14,141","141.60K","0.00%"
"03/07/2023","14,333","13,948","14,333","13,948","16.60K","1.36%"
"30/06/2023","14,141","14,333","14,333","14,045","79.21K","-0.68%"
"29/06/2023","14,237","14,526","14,526","14,237","150.10K","-1.99%"
"28/06/2023","14,526","14,431","14,526","14,243","118.90K","0.65%"
"27/06/2023","14,431","14,243","14,526","14,243","61.01K","0.00%"
"26/06/2023","14,431","14,526","14,526","14,148","113.50K","-0.65%"
"23/06/2023","14,526","14,431","14,526","14,243","125.80K","0.65%"
"22/06/2023","14,431","14,243","14,526","14,148","142.20K","0.66%"
"21/06/2023","14,337","14,148","14,431","14,148","53.70K","1.33%"
"20/06/2023","14,148","14,054","14,148","13,865","97.60K","1.35%"
"19/06/2023","13,960","14,054","14,054","13,771","139.30K","0.00%"
"16/06/2023","13,960","13,960","14,243","13,960","85.20K","-0.67%"
"15/06/2023","14,054","14,148","14,148","13,677","333.70K","0.68%"
"14/06/2023","13,960","14,243","14,243","13,960","125.52K","-1.99%"
"13/06/2023","14,243","14,148","14,431","14,148","59.90K","0.67%"
"12/06/2023","14,148","14,337","14,337","14,054","147.80K","-0.66%"
"09/06/2023","14,243","14,431","14,431","14,054","110.20K","-0.66%"
"08/06/2023","14,337","14,620","14,809","14,337","228.51K","-1.30%"
"07/06/2023","14,526","14,148","14,620","14,148","143.70K","2.67%"
"06/06/2023","14,148","14,337","14,337","13,960","140.70K","-1.32%"
"05/06/2023","14,337","14,526","14,620","14,243","70.31K","-1.30%"
"02/06/2023","14,526","14,620","14,809","14,431","121.77K","-0.65%"
"01/06/2023","14,620","14,431","14,997","14,431","135.27K","0.00%"
"31/05/2023","14,620","14,431","14,620","14,337","255.10K","2.65%"
"30/05/2023","14,243","14,526","14,526","14,148","107.22K","-0.66%"
"29/05/2023","14,337","13,960","14,431","13,960","121.13K","2.01%"
"26/05/2023","14,054","13,771","14,337","13,771","148.80K","2.05%"
"25/05/2023","13,771","13,960","13,960","13,677","95.40K","-1.35%"
"24/05/2023","13,960","14,148","14,148","13,960","108.40K","-0.67%"
"23/05/2023","14,054","14,148","14,431","13,960","205.49K","0.00%"
"22/05/2023","14,054","13,771","14,054","13,771","123.50K","2.05%"
"19/05/2023","13,771","13,488","13,865","13,488","74.07K","0.69%"
"18/05/2023","13,677","13,394","13,677","13,394","70.30K","2.11%"
"17/05/2023","13,394","13,488","13,582","13,394","79.50K","-1.39%"
"16/05/2023","13,582","13,205","13,677","13,205","99.80K","1.41%"
"15/05/2023","13,394","14,054","14,148","13,394","149.91K","-2.74%"
"12/05/2023","13,771","14,054","14,054","13,582","115.65K","-0.68%"
"11/05/2023","13,865","13,488","14,620","13,488","250.94K","1.38%"
"10/05/2023","13,677","13,394","13,771","13,299","224.10K","2.11%"
"09/05/2023","13,394","12,639","13,488","12,639","636.48K","6.77%"
"08/05/2023","12,545","12,451","12,639","12,451","112.90K","0.76%"
"05/05/2023","12,451","12,356","12,545","12,262","154.61K","-0.75%"
"04/05/2023","12,545","12,639","12,639","12,262","161.80K","0.00%"
"28/04/2023","12,545","12,639","12,639","12,356","71.51K","-0.75%"
"27/04/2023","12,639","12,545","12,639","12,356","79.30K","1.51%"
"26/04/2023","12,451","12,451","12,451","12,168","68.70K","0.00%"
"25/04/2023","12,451","12,451","12,545","12,356","117.70K","0.76%"
"24/04/2023","12,356","12,639","12,639","12,262","41.40K","-0.76%"
"21/04/2023","12,451","12,639","12,733","12,356","75.00K","-1.49%"
"20/04/2023","12,639","12,451","12,828","12,356","157.40K","1.51%"
"19/04/2023","12,451","12,451","12,545","12,356","122.94K","0.76%"
"18/04/2023","12,356","12,168","12,356","12,168","23.92K","1.55%"
"17/04/2023","12,168","12,262","12,356","12,073","43.02K","0.00%"
"14/04/2023","12,168","12,545","12,545","12,168","99.32K","-3.73%"
"13/04/2023","12,639","12,262","12,733","12,262","211.83K","3.08%"
"12/04/2023","12,262","12,262","12,356","12,073","137.50K","0.78%"
"11/04/2023","12,168","12,073","12,168","11,979","32.62K","1.57%"
"10/04/2023","11,979","12,168","12,168","11,979","133.61K","-1.55%"
"07/04/2023","12,168","12,451","12,451","11,979","58.03K","-0.77%"
"06/04/2023","12,262","12,168","12,733","12,168","215.85K","0.78%"
"05/04/2023","12,168","11,979","12,168","11,979","125.65K","1.57%"
"04/04/2023","11,979","12,168","12,168","11,885","89.51K","-0.78%"
"03/04/2023","12,073","11,885","12,168","11,885","361.12K","2.40%"
"31/03/2023","11,790","11,790","11,885","11,696","32.40K","0.00%"
"30/03/2023","11,790","11,696","11,885","11,696","50.00K","0.00%"
"29/03/2023","11,790","11,790","11,885","11,602","39.34K","0.00%"
"28/03/2023","11,790","11,885","11,885","11,790","47.80K","-0.79%"
"27/03/2023","11,885","11,790","11,885","11,696","55.80K","0.80%"
"24/03/2023","11,790","11,790","11,885","11,696","49.60K","0.00%"
"23/03/2023","11,790","11,696","11,790","11,602","38.00K","0.81%"
"22/03/2023","11,696","11,696","11,790","11,696","15.70K","-0.80%"
"21/03/2023","11,790","11,885","11,885","11,507","37.20K","2.46%"
"20/03/2023","11,507","11,979","12,073","11,507","154.50K","-3.17%"
"17/03/2023","11,885","11,979","12,073","11,885","15.50K","-1.56%"
"16/03/2023","12,073","12,168","12,262","11,696","64.03K","-1.54%"
"15/03/2023","12,262","12,073","12,356","11,979","69.50K","2.36%"
"14/03/2023","11,979","11,979","12,073","11,790","34.10K","-0.78%"
"13/03/2023","12,073","11,885","12,073","11,885","36.26K","-1.54%"
"10/03/2023","12,262","12,073","12,262","11,979","43.50K","0.78%"
"09/03/2023","12,168","12,073","12,168","11,979","60.63K","0.78%"
"08/03/2023","12,073","11,885","12,168","11,790","139.40K","1.59%"
"07/03/2023","11,885","11,885","11,979","11,790","145.70K","0.80%"
"06/03/2023","11,790","12,073","12,073","11,790","99.70K","-0.79%"
"03/03/2023","11,885","12,073","12,073","11,696","37.10K","0.00%"
"02/03/2023","11,885","12,168","12,168","11,885","20.30K","-1.56%"
"01/03/2023","12,073","11,885","12,073","11,790","44.60K","1.59%"
"28/02/2023","11,885","11,885","12,073","11,790","57.00K","0.80%"
"27/02/2023","11,790","11,696","11,885","11,507","96.33K","-0.79%"
"24/02/2023","11,885","12,073","12,073","11,790","45.90K","-1.56%"
"23/02/2023","12,073","12,073","12,073","11,790","67.60K","0.00%"
"22/02/2023","12,073","12,168","12,262","11,979","164.85K","-2.29%"
"21/02/2023","12,356","12,168","12,451","11,979","211.33K","1.55%"
"20/02/2023","12,168","11,885","12,262","11,507","177.40K","1.57%"
"17/02/2023","11,979","12,073","12,168","11,790","35.11K","-0.78%"
"16/02/2023","12,073","11,885","12,168","11,790","32.10K","0.79%"
"15/02/2023","11,979","11,696","11,979","11,696","118.20K","2.42%"
"14/02/2023","11,696","11,790","11,790","11,507","39.60K","0.81%"
"13/02/2023","11,602","11,979","12,073","11,602","102.00K","-3.15%"
"10/02/2023","11,979","12,168","12,168","11,979","75.50K","-2.31%"
"09/02/2023","12,262","12,262","12,356","12,073","135.90K","0.78%"
"08/02/2023","12,168","12,168","12,356","11,979","102.20K","-0.77%"
"07/02/2023","12,262","12,262","12,451","12,168","85.50K","-0.76%"
"06/02/2023","12,356","12,262","12,451","12,168","94.00K","0.00%"
"03/02/2023","12,356","12,451","12,545","12,262","170.70K","-0.76%"
"02/02/2023","12,451","12,356","12,733","12,356","105.32K","-1.49%"
"01/02/2023","12,639","13,205","13,299","12,545","257.90K","-3.60%"
"31/01/2023","13,111","13,299","13,299","12,922","108.92K","-0.71%"
"30/01/2023","13,205","12,639","13,299","12,639","346.32K","4.48%"
"27/01/2023","12,639","12,356","12,828","12,356","210.02K","2.29%"
"19/01/2023","12,356","12,356","12,356","12,262","86.00K","0.77%"
"18/01/2023","12,262","12,168","12,451","12,168","156.11K","0.78%"
"17/01/2023","12,168","12,451","13,016","12,073","92.11K","-0.77%"
"16/01/2023","12,262","12,356","12,451","12,073","58.15K","0.00%"
"13/01/2023","12,262","12,545","12,545","12,262","44.42K","0.00%"
"12/01/2023","12,262","12,733","12,733","12,168","124.20K","-2.26%"
"11/01/2023","12,545","12,733","13,016","12,451","107.52K","0.76%"
"10/01/2023","12,451","12,733","12,733","12,356","74.03K","-1.49%"
"09/01/2023","12,639","12,922","12,922","12,545","49.90K","-2.19%"
"06/01/2023","12,922","12,262","13,488","12,168","323.08K","7.03%"
"05/01/2023","12,073","12,262","12,356","11,885","63.81K","0.00%"
"04/01/2023","12,073","11,885","12,545","11,885","141.45K","1.59%"
"03/01/2023","11,885","11,602","11,979","11,413","147.60K","0.80%"
"30/12/2022","11,790","12,073","12,073","11,696","24.31K","-0.79%"
"29/12/2022","11,885","11,790","12,262","11,790","158.80K","-0.79%"
"28/12/2022","11,979","11,413","12,073","11,413","530.00K","4.96%"
"27/12/2022","11,413","11,036","11,413","11,036","28.80K","2.54%"
"26/12/2022","11,130","11,319","11,319","11,036","15.50K","-3.28%"
"23/12/2022","11,507","11,319","11,507","11,224","5.00K","0.83%"
"22/12/2022","11,413","11,413","11,413","11,224","18.40K","0.83%"
"21/12/2022","11,319","11,602","11,602","11,224","62.29K","-2.44%"
"20/12/2022","11,602","11,602","11,602","11,224","137.70K","0.00%"
"19/12/2022","11,602","11,696","11,790","11,602","61.21K","0.00%"
"16/12/2022","11,602","11,507","11,696","11,507","44.90K","0.82%"
"15/12/2022","11,507","11,507","11,507","11,415","46.80K","0.81%"
"14/12/2022","11,415","11,599","11,599","11,139","135.90K","0.81%"
"13/12/2022","11,323","11,415","11,599","11,047","50.30K","0.00%"
"12/12/2022","11,323","11,047","11,691","11,047","203.90K","1.65%"
"09/12/2022","11,139","11,415","11,415","11,139","29.20K","-0.82%"
"08/12/2022","11,231","11,139","11,599","11,047","53.80K","1.67%"
"07/12/2022","11,047","11,415","11,876","11,047","74.90K","-5.51%"
"06/12/2022","11,691","12,244","12,244","11,691","82.40K","-3.05%"
"05/12/2022","12,060","12,428","12,612","12,060","110.70K","-0.76%"
"02/12/2022","12,152","11,783","12,244","11,691","80.70K","1.54%"
"01/12/2022","11,968","12,152","12,336","11,691","118.60K","0.00%"
"30/11/2022","11,968","11,599","12,060","11,599","50.69K","0.00%"
"29/11/2022","11,968","11,968","12,428","11,876","53.20K","0.00%"
"28/11/2022","11,968","11,876","12,060","11,783","79.70K","2.36%"
"25/11/2022","11,691","11,507","11,783","11,507","52.40K","1.60%"
"24/11/2022","11,507","11,507","11,599","11,415","54.90K","-0.79%"
"23/11/2022","11,599","11,599","11,876","11,507","53.60K","0.00%"
"22/11/2022","11,599","11,323","12,428","11,323","130.90K","2.44%"
"21/11/2022","11,323","10,863","11,323","10,863","86.40K","1.65%"
"18/11/2022","11,139","10,679","11,139","10,311","70.30K","4.31%"
"17/11/2022","10,679","10,679","10,863","10,311","74.50K","0.87%"
"16/11/2022","10,587","9,666","10,587","9,574","84.21K","8.49%"
"15/11/2022","9,758","10,126","10,311","9,574","159.34K","-4.50%"
"14/11/2022","10,218","10,771","10,771","9,666","105.30K","-4.31%"
"11/11/2022","10,679","10,863","11,047","10,679","84.70K","0.00%"
"10/11/2022","10,679","11,139","11,139","10,587","178.50K","-6.45%"
"09/11/2022","11,415","10,679","11,507","10,679","93.20K","5.09%"
"08/11/2022","10,863","10,863","11,323","10,863","47.00K","-1.67%"
"07/11/2022","11,047","11,599","11,599","10,495","127.10K","-4.00%"
"04/11/2022","11,507","11,783","11,783","11,139","119.50K","-2.34%"
"03/11/2022","11,783","11,139","12,152","11,139","134.30K","4.92%"
"02/11/2022","11,231","10,955","11,599","10,955","61.40K","2.52%"
"01/11/2022","10,955","10,955","11,139","10,771","128.60K","-0.83%"
"31/10/2022","11,047","10,955","11,047","10,587","71.50K","2.56%"
"28/10/2022","10,771","11,139","11,139","10,679","27.80K","-2.50%"
"27/10/2022","11,047","10,587","11,047","10,403","56.20K","5.26%"
"26/10/2022","10,495","10,126","11,783","9,482","49.10K","-1.72%"
"25/10/2022","10,679","11,231","11,415","10,587","47.40K","-3.33%"
"24/10/2022","11,047","11,599","11,876","11,047","82.31K","-6.98%"
"21/10/2022","11,876","12,704","12,704","11,691","60.95K","-6.52%"
"20/10/2022","12,704","12,888","12,888","12,704","9.50K","-1.43%"
"19/10/2022","12,888","12,888","12,888","12,796","22.30K","-0.71%"
"18/10/2022","12,980","12,888","13,072","12,796","52.43K","1.44%"
"17/10/2022","12,796","12,980","12,980","12,704","9.40K","-1.42%"
"14/10/2022","12,980","12,888","12,980","12,796","51.30K","1.44%"
"13/10/2022","12,796","12,612","12,796","12,612","7.50K","0.00%"
"12/10/2022","12,796","12,428","13,072","12,152","66.40K","6.11%"
"11/10/2022","12,060","12,520","12,704","11,968","58.80K","-7.75%"
"10/10/2022","13,072","12,152","13,809","11,968","61.21K","4.41%"
"07/10/2022","12,520","12,888","12,888","12,336","124.20K","-4.22%"
"06/10/2022","13,072","13,809","13,809","12,888","133.65K","-5.33%"
"05/10/2022","13,809","13,809","14,085","13,717","59.44K","1.35%"
"04/10/2022","13,625","14,085","14,177","13,441","55.80K","-0.67%"
"03/10/2022","13,717","14,729","14,729","13,717","75.20K","-6.88%"
"30/09/2022","14,729","14,637","14,821","14,177","95.40K","2.56%"
"29/09/2022","14,361","15,190","15,190","14,361","132.00K","-3.70%"
"28/09/2022","14,913","15,466","15,466","14,821","62.70K","-2.99%"
"27/09/2022","15,374","15,650","15,650","15,282","24.00K","-0.59%"
"26/09/2022","15,466","15,742","15,834","14,821","99.60K","-3.45%"
"23/09/2022","16,018","15,834","16,018","15,742","48.70K","0.58%"
"22/09/2022","15,926","15,650","16,018","15,558","46.20K","0.58%"
"21/09/2022","15,834","15,834","16,018","15,558","81.80K","-0.58%"
"20/09/2022","15,926","15,742","16,018","15,650","45.90K","1.17%"
"19/09/2022","15,742","15,926","16,110","15,650","132.60K","-2.84%"
"16/09/2022","16,202","16,110","16,294","15,926","92.00K","-1.12%"
"15/09/2022","16,386","16,294","16,386","16,018","49.10K","2.30%"
"14/09/2022","16,018","15,742","16,018","15,650","67.20K","-0.57%"
"13/09/2022","16,110","16,110","16,110","15,926","75.10K","0.57%"
"12/09/2022","16,018","16,202","16,202","15,926","24.00K","-0.57%"
"09/09/2022","16,110","16,018","16,202","15,926","87.70K","0.57%"
"08/09/2022","16,018","16,202","16,294","15,926","82.00K","0.58%"
"07/09/2022","15,926","16,386","16,386","15,834","109.10K","-3.35%"
"06/09/2022","16,478","16,478","16,663","16,202","55.10K","0.00%"
"05/09/2022","16,478","16,663","16,663","16,202","129.50K","-1.65%"
"31/08/2022","16,755","16,663","16,755","16,478","66.40K","1.68%"
"30/08/2022","16,478","16,755","16,939","16,478","122.40K","-1.10%"
"29/08/2022","16,663","16,939","16,939","16,202","180.20K","-2.69%"
"26/08/2022","17,123","17,491","17,491","17,123","72.20K","-8.92%"
"25/08/2022","18,800","19,000","19,100","18,800","60.80K","-1.05%"
"24/08/2022","19,000","18,900","19,100","18,500","148.30K","0.53%"
"23/08/2022","18,900","18,400","18,900","18,400","105.00K","1.07%"
"22/08/2022","18,700","18,700","18,900","18,600","138.81K","-0.53%"
"19/08/2022","18,800","19,100","19,200","18,700","121.50K","-1.57%"
"18/08/2022","19,100","19,000","19,300","19,000","250.32K","-2.05%"
"17/08/2022","19,500","19,800","20,000","19,400","175.00K","-2.01%"
"16/08/2022","19,900","20,000","20,200","19,700","81.50K","-0.50%"
"15/08/2022","20,000","19,700","20,300","19,700","399.60K","1.52%"
"12/08/2022","19,700","19,500","19,900","19,100","122.30K","1.03%"
"11/08/2022","19,500","20,400","20,400","19,000","229.40K","-2.50%"
"10/08/2022","20,000","18,800","20,500","18,800","556.20K","6.95%"
"09/08/2022","18,700","18,800","19,000","18,600","209.40K","-1.06%"
"08/08/2022","18,900","19,500","19,500","18,700","102.70K","-0.53%"
"05/08/2022","19,000","19,100","19,300","18,500","146.60K","-0.52%"
"04/08/2022","19,100","18,800","19,500","18,700","334.70K","2.69%"
"03/08/2022","18,600","18,400","18,800","18,300","184.40K","0.54%"
"02/08/2022","18,500","18,000","18,900","18,000","315.31K","3.35%"
"01/08/2022","17,900","17,700","17,900","17,600","191.40K","1.70%"
"29/07/2022","17,600","17,800","18,000","17,500","70.70K","-1.12%"
"28/07/2022","17,800","17,900","18,000","17,500","83.10K","0.00%"
"27/07/2022","17,800","17,200","17,800","17,000","93.50K","3.49%"
"26/07/2022","17,200","17,700","17,700","17,200","177.10K","-2.82%"
"25/07/2022","17,700","18,200","18,200","17,600","90.30K","-2.21%"
"22/07/2022","18,100","18,400","18,500","18,100","161.00K","-1.63%"
"21/07/2022","18,400","18,400","18,800","18,100","307.60K","1.10%"
"20/07/2022","18,200","18,000","18,800","18,000","380.00K","1.11%"
"19/07/2022","18,000","17,900","18,000","17,200","210.52K","0.56%"
"18/07/2022","17,900","17,700","18,100","17,700","177.10K","1.70%"
"15/07/2022","17,600","17,900","18,000","17,600","159.70K","-0.56%"
"14/07/2022","17,700","17,400","17,800","17,400","180.60K","-0.56%"
"13/07/2022","17,800","17,400","17,900","16,800","307.00K","3.49%"
"12/07/2022","17,200","17,000","17,300","16,800","133.54K","2.38%"
"11/07/2022","16,800","17,100","17,200","16,700","30.80K","-1.75%"
"08/07/2022","17,100","16,700","17,300","16,600","47.70K","0.59%"
"07/07/2022","17,000","16,600","17,000","16,600","56.10K","1.19%"
"06/07/2022","16,800","16,900","17,100","16,500","90.50K","-0.59%"
"05/07/2022","16,900","17,200","17,300","16,800","75.70K","-1.74%"
"04/07/2022","17,200","17,300","17,500","17,000","42.00K","0.00%"
"01/07/2022","17,200","17,000","17,200","16,700","161.90K","-1.15%"
"30/06/2022","17,400","17,500","17,600","17,100","75.40K","-0.57%"
"29/06/2022","17,500","17,700","18,000","17,400","116.30K","-2.78%"
"28/06/2022","18,000","17,500","18,400","17,500","136.60K","2.27%"
"27/06/2022","17,600","17,600","17,900","17,200","83.40K","1.15%"
"24/06/2022","17,400","17,500","18,000","17,300","72.90K","-1.14%"
"23/06/2022","17,600","17,300","17,600","17,100","54.50K","2.92%"
"22/06/2022","17,100","17,000","17,500","16,700","92.60K","0.59%"
"21/06/2022","17,000","17,000","17,900","16,500","169.10K","0.59%"
"20/06/2022","16,900","19,000","19,000","16,900","156.40K","-11.05%"
"17/06/2022","19,000","19,100","19,100","18,600","145.10K","-4.52%"
"16/06/2022","19,900","19,800","20,200","19,500","199.60K","1.02%"
"15/06/2022","19,700","20,100","20,700","18,600","312.63K","-4.37%"
"14/06/2022","20,600","20,600","21,200","20,200","252.80K","-1.44%"
"13/06/2022","20,900","21,800","21,800","20,700","187.90K","-5.86%"
"10/06/2022","22,200","21,700","23,200","21,600","377.10K","1.83%"
"09/06/2022","21,800","21,600","21,800","21,500","252.90K","1.87%"
"08/06/2022","21,400","21,000","21,900","21,000","228.20K","1.42%"
"07/06/2022","21,100","21,000","21,300","20,600","210.50K","0.48%"
"06/06/2022","21,000","21,300","21,400","20,800","108.70K","-1.87%"
"03/06/2022","21,400","21,600","21,600","21,100","256.60K","-0.93%"
"02/06/2022","21,600","21,500","21,900","21,200","204.80K","0.47%"
"01/06/2022","21,500","22,500","22,500","21,300","101.86K","-4.02%"
"31/05/2022","22,400","22,300","22,500","21,500","158.60K","2.75%"
"30/05/2022","21,800","21,900","22,200","21,400","198.80K","-0.46%"
"27/05/2022","21,900","21,700","22,100","21,100","205.50K","0.46%"
"26/05/2022","21,800","21,600","22,300","20,800","296.50K","5.83%"
"25/05/2022","20,600","20,500","21,100","20,000","254.43K","0.98%"
"24/05/2022","20,400","20,200","20,500","19,800","144.90K","-0.97%"
"23/05/2022","20,600","20,500","21,600","20,300","144.80K","-2.37%"
"20/05/2022","21,100","22,000","22,200","21,100","125.90K","-2.31%"
"19/05/2022","21,600","22,000","22,100","21,600","96.20K","-2.26%"
"18/05/2022","22,100","22,700","22,800","22,000","93.20K","-1.34%"
"17/05/2022","22,400","20,600","22,400","20,600","84.30K","12.00%"
"16/05/2022","20,000","21,500","22,000","20,000","128.30K","0.50%"
"13/05/2022","19,900","23,000","23,000","19,800","163.42K","-9.55%"
"12/05/2022","22,000","23,500","23,900","22,000","55.70K","-9.09%"
"11/05/2022","24,200","24,100","24,800","24,000","16.30K","-2.42%"
"10/05/2022","24,800","21,900","24,900","21,300","206.00K","4.64%"
"09/05/2022","23,700","24,600","24,600","22,700","252.10K","-3.27%"
"06/05/2022","24,500","24,500","24,900","24,400","263.40K","-2.00%"
"05/05/2022","25,000","25,800","26,000","24,700","131.20K","-3.10%"
"04/05/2022","25,800","25,400","25,800","24,900","87.72K","1.18%"
"29/04/2022","25,500","25,500","25,800","24,800","193.60K","0.39%"
"28/04/2022","25,400","23,700","25,400","23,700","588.40K","7.17%"
"27/04/2022","23,700","23,000","24,000","22,700","103.02K","3.04%"
"26/04/2022","23,000","21,800","23,400","20,500","228.70K","6.48%"
"25/04/2022","21,600","24,000","24,800","21,000","493.50K","-11.84%"
"22/04/2022","24,500","25,200","25,800","23,200","479.50K","-3.54%"
"21/04/2022","25,400","26,500","26,500","22,800","573.76K","-4.15%"
"20/04/2022","26,500","26,900","27,000","26,300","514.28K","-1.49%"
"19/04/2022","26,900","26,800","27,500","26,200","599.10K","1.51%"
"18/04/2022","26,500","27,200","27,600","26,200","441.86K","-2.57%"
"15/04/2022","27,200","28,300","28,600","27,200","471.51K","-3.55%"
"14/04/2022","28,200","28,200","29,400","27,700","436.91K","0.00%"
"13/04/2022","28,200","27,500","28,400","27,000","296.02K","4.06%"
"12/04/2022","27,100","28,400","29,100","26,700","539.65K","-4.58%"
"08/04/2022","28,400","30,000","30,700","28,000","770.40K","-4.70%"
"07/04/2022","29,800","31,000","31,600","29,800","708.50K","-4.49%"
"06/04/2022","31,200","32,100","32,100","30,900","724.63K","-3.41%"
"05/04/2022","32,300","32,700","33,000","31,900","581.72K","-1.22%"
"04/04/2022","32,700","31,400","33,500","31,000","1.47M","4.47%"
"01/04/2022","31,300","31,400","31,400","30,600","411.51K","-0.32%"
"31/03/2022","31,400","32,000","32,300","30,900","341.91K","-1.26%"
"30/03/2022","31,800","30,600","33,500","30,300","1.24M","3.92%"
"29/03/2022","30,600","30,000","30,900","29,700","769.67K","3.03%"
"28/03/2022","29,700","30,000","30,400","29,300","861.86K","-2.30%"
"25/03/2022","30,400","30,900","31,300","30,200","792.50K","-1.62%"
"24/03/2022","30,900","29,600","31,500","29,600","1.54M","4.39%"
"23/03/2022","29,600","28,200","29,900","28,100","1.66M","4.96%"
"22/03/2022","28,200","28,500","28,500","27,600","226.80K","0.00%"
"21/03/2022","28,200","28,500","28,700","28,000","229.70K","-0.35%"
"18/03/2022","28,300","28,300","28,500","28,000","230.62K","0.00%"
"17/03/2022","28,300","26,800","28,600","26,800","601.04K","5.20%"
"16/03/2022","26,900","26,400","26,900","26,200","92.70K","1.51%"
"15/03/2022","26,500","26,100","26,700","26,100","59.10K","0.76%"
"14/03/2022","26,300","26,900","26,900","26,300","195.40K","-2.23%"
"11/03/2022","26,900","26,900","27,000","26,700","184.30K","0.00%"
"10/03/2022","26,900","26,900","27,200","26,800","183.95K","-0.37%"
"09/03/2022","27,000","26,600","27,100","26,500","158.35K","0.00%"
"08/03/2022","27,000","27,200","27,300","26,800","174.30K","-0.74%"
"07/03/2022","27,200","27,700","27,700","27,100","250.30K","-1.81%"
"04/03/2022","27,700","27,900","28,000","27,300","201.00K","0.00%"
"03/03/2022","27,700","27,200","27,900","27,000","205.80K","2.59%"
"02/03/2022","27,000","26,700","27,900","26,600","161.80K","1.50%"
"01/03/2022","26,600","27,000","27,100","26,300","288.10K","-1.48%"
"28/02/2022","27,000","27,600","27,800","26,900","295.90K","-2.17%"
"25/02/2022","27,600","27,900","28,100","27,500","161.60K","1.10%"
"24/02/2022","27,300","28,100","28,600","26,900","343.23K","-2.85%"
"23/02/2022","28,100","27,600","28,600","27,500","217.55K","1.81%"
"22/02/2022","27,600","28,400","28,400","27,500","497.44K","-2.82%"
"21/02/2022","28,400","28,600","28,700","28,100","198.54K","-1.39%"
"18/02/2022","28,800","29,200","29,200","28,500","282.50K","-1.37%"
"17/02/2022","29,200","29,500","29,600","29,000","98.60K","-0.34%"
"16/02/2022","29,300","28,800","29,600","28,800","209.04K","1.74%"
"15/02/2022","28,800","28,700","29,100","28,200","225.10K","0.70%"
"14/02/2022","28,600","30,100","30,100","28,600","365.40K","-4.98%"
"11/02/2022","30,100","30,600","30,600","29,500","343.70K","-1.95%"
"10/02/2022","30,700","31,200","32,000","30,000","414.02K","-1.92%"
"09/02/2022","31,300","30,000","32,000","30,000","546.25K","4.33%"
"08/02/2022","30,000","28,800","30,400","28,600","631.80K","4.53%"
"07/02/2022","28,700","28,400","29,200","28,400","146.00K","2.87%"
"28/01/2022","27,900","28,100","28,700","27,700","136.30K","-2.45%"
"27/01/2022","28,600","28,000","28,600","27,300","206.43K","1.78%"
"26/01/2022","28,100","28,700","28,800","27,500","212.30K","-1.75%"
"25/01/2022","28,600","28,600","29,000","26,500","331.20K","-3.38%"
"24/01/2022","29,600","30,500","30,700","29,000","657.10K","-1.99%"
"21/01/2022","30,200","30,900","31,000","30,000","569.71K","0.00%"
"20/01/2022","30,200","29,100","31,200","28,400","990.92K","2.72%"
"19/01/2022","29,400","29,300","29,500","28,500","385.50K","-1.01%"
"18/01/2022","29,700","29,700","30,100","29,000","461.60K","0.00%"
"17/01/2022","29,700","29,200","30,800","29,200","779.24K","2.06%"
"14/01/2022","29,100","27,600","30,000","27,300","542.80K","5.05%"
"13/01/2022","27,700","29,000","29,000","27,000","341.21K","1.47%"
"12/01/2022","27,300","27,400","27,800","26,800","305.30K","-2.15%"
"11/01/2022","27,900","27,600","28,200","27,400","243.30K","0.72%"
"10/01/2022","27,700","28,500","28,900","27,700","372.71K","-2.12%"
"07/01/2022","28,300","28,300","28,800","27,800","310.07K","0.71%"
"06/01/2022","28,100","27,500","28,200","27,100","345.60K","2.18%"
"05/01/2022","27,500","27,000","28,000","26,500","329.51K","2.23%"
"04/01/2022","26,900","27,200","27,500","26,600","228.61K","-0.74%"
"31/12/2021","27,100","26,400","27,900","26,400","320.32K","2.65%"
"30/12/2021","26,400","25,700","26,400","25,500","197.30K","1.93%"
"29/12/2021","25,900","25,700","26,300","25,500","190.91K","1.17%"
"28/12/2021","25,600","26,000","26,300","25,500","128.32K","-1.54%"
"27/12/2021","26,000","25,700","26,600","25,300","149.71K","0.00%"
"24/12/2021","26,000","26,500","26,500","25,200","265.11K","0.00%"
"23/12/2021","26,000","26,700","27,200","25,600","289.80K","-2.62%"
"22/12/2021","26,700","26,200","27,500","26,200","288.30K","1.91%"
"21/12/2021","26,200","26,600","26,800","25,800","239.20K","-1.50%"
"20/12/2021","26,600","27,400","27,500","26,000","407.50K","-3.27%"
"17/12/2021","27,500","27,600","28,000","27,300","157.01K","-0.72%"
"16/12/2021","27,700","28,100","28,200","27,100","350.50K","-2.46%"
"15/12/2021","28,400","28,800","28,800","28,000","241.10K","-1.39%"
"14/12/2021","28,800","29,200","29,200","28,600","138.20K","-0.69%"
"13/12/2021","29,000","30,000","30,200","29,000","235.71K","-1.69%"
"10/12/2021","29,500","28,500","29,600","28,500","348.20K","3.51%"
"09/12/2021","28,500","28,200","28,700","28,000","121.90K","0.35%"
"08/12/2021","28,400","28,500","28,800","28,000","63.80K","-0.35%"
"07/12/2021","28,500","27,400","29,500","27,400","138.50K","3.64%"
"06/12/2021","27,500","29,600","29,600","27,100","136.01K","-5.50%"
"03/12/2021","29,100","30,500","30,700","29,000","144.05K","-3.00%"
"02/12/2021","30,000","29,000","31,500","28,800","303.24K","3.45%"
"01/12/2021","29,000","28,500","29,200","28,500","157.01K","1.40%"
"30/11/2021","28,600","29,800","29,800","28,600","170.10K","-1.04%"
"29/11/2021","28,900","28,400","28,900","28,000","167.20K","-1.03%"
"26/11/2021","29,200","29,900","29,900","29,000","303.60K","-2.01%"
"25/11/2021","29,800","30,000","30,400","29,500","193.10K","-0.67%"
"24/11/2021","30,000","31,000","31,000","29,100","221.21K","-0.33%"
"23/11/2021","30,100","28,600","30,800","26,200","158.51K","3.79%"
"22/11/2021","29,000","31,800","31,800","28,900","387.10K","-8.81%"
"19/11/2021","31,800","32,900","32,900","29,700","460.53K","-3.34%"
"18/11/2021","32,900","32,200","34,000","31,900","503.73K","2.17%"
"17/11/2021","32,200","33,000","33,800","31,900","703.26K","-2.72%"
"16/11/2021","33,100","34,900","34,900","32,800","576.24K","-5.16%"
"15/11/2021","34,900","34,700","35,000","33,800","637.34K","-1.97%"
"12/11/2021","35,600","36,700","36,700","34,600","245.74K","-2.73%"
"11/11/2021","36,600","36,000","37,500","34,000","495.29K","7.02%"
"10/11/2021","34,200","30,000","34,200","30,000","1.67M","14.77%"
"09/11/2021","29,800","30,300","30,400","29,200","344.10K","-1.32%"
"08/11/2021","30,200","30,000","31,000","30,000","398.45K","0.67%"
"05/11/2021","30,000","29,400","30,000","29,400","304.40K","2.39%"
"04/11/2021","29,300","30,000","30,000","28,900","453.52K","0.34%"
"03/11/2021","29,200","29,000","32,000","28,800","854.41K","0.69%"
"02/11/2021","29,000","30,000","30,000","28,800","806.70K","-3.33%"
"01/11/2021","30,000","29,500","31,200","29,400","857.83K","1.01%"
"29/10/2021","29,700","28,100","29,800","28,000","832.39K","7.22%"
"28/10/2021","27,700","26,400","28,100","26,200","710.41K","4.92%"
"27/10/2021","26,400","26,300","26,600","25,800","820.84K","-0.38%"
"26/10/2021","26,500","26,500","26,900","25,800","352.80K","-0.75%"
"25/10/2021","26,700","26,000","27,700","25,500","886.12K","6.80%"
"22/10/2021","25,000","22,500","25,500","22,400","1.87M","10.62%"
"21/10/2021","22,600","22,500","22,700","22,300","114.30K","0.00%"
"20/10/2021","22,600","22,600","22,900","22,300","213.63K","0.00%"
"19/10/2021","22,600","23,200","23,200","22,400","131.10K","-1.31%"
"18/10/2021","22,900","23,000","23,400","22,700","335.41K","0.44%"
"15/10/2021","22,800","22,400","22,900","22,000","555.50K","2.24%"
"14/10/2021","22,300","22,300","22,700","22,100","184.51K","-0.89%"
"13/10/2021","22,500","23,000","23,000","22,200","114.80K","0.45%"
"12/10/2021","22,400","23,000","23,000","22,200","176.71K","-1.75%"
"11/10/2021","22,800","23,400","23,400","22,600","167.71K","-0.87%"
"08/10/2021","23,000","22,200","23,300","22,000","269.95K","3.60%"
"07/10/2021","22,200","22,500","22,500","22,100","395.10K","-0.89%"
"06/10/2021","22,400","22,400","22,700","21,900","157.10K","0.00%"
"05/10/2021","22,400","21,900","22,700","21,800","306.60K","2.28%"
"04/10/2021","21,900","22,100","22,100","21,700","206.70K","-0.90%"
"01/10/2021","22,100","22,200","22,200","21,700","230.70K","-1.34%"
"30/09/2021","22,400","22,400","22,700","22,000","202.00K","0.00%"
"29/09/2021","22,400","22,100","22,800","22,000","151.50K","-1.32%"
"28/09/2021","22,700","22,200","22,700","21,700","408.20K","0.00%"
"27/09/2021","22,700","23,300","23,300","22,200","227.20K","-1.30%"
"24/09/2021","23,000","23,900","24,500","23,000","472.27K","-2.54%"
"23/09/2021","23,600","23,000","24,000","22,800","1.07M","3.51%"
"22/09/2021","22,800","21,700","23,000","21,700","422.82K","1.79%"
"21/09/2021","22,400","21,500","22,500","21,500","347.70K","-0.44%"
"20/09/2021","22,500","23,100","23,400","22,000","235.80K","-4.66%"
"17/09/2021","23,600","23,900","24,000","22,800","223.20K","0.43%"
"16/09/2021","23,500","23,700","24,000","23,000","204.03K","-0.84%"
"15/09/2021","23,700","24,900","24,900","23,000","344.40K","-3.27%"
"14/09/2021","24,500","24,800","25,000","24,000","468.80K","0.82%"
"13/09/2021","24,300","23,700","25,600","23,700","356.23K","3.40%"
"10/09/2021","23,500","22,900","23,900","22,900","360.40K","2.62%"
"09/09/2021","22,900","22,000","22,900","22,000","378.92K","4.57%"
"08/09/2021","21,900","21,700","21,900","21,500","213.30K","1.86%"
"07/09/2021","21,500","21,000","22,100","21,000","418.14K","1.90%"
"06/09/2021","21,100","21,400","21,400","20,600","218.61K","-1.40%"
"01/09/2021","21,400","21,200","21,800","21,000","141.70K","0.94%"
"31/08/2021","21,200","21,500","21,600","20,900","191.10K","-2.30%"
"30/08/2021","21,700","19,700","22,100","19,600","399.60K","10.71%"
"27/08/2021","19,600","19,100","19,700","19,100","109.00K","0.51%"
"26/08/2021","19,500","19,000","19,900","19,000","307.90K","2.63%"
"25/08/2021","19,000","17,800","19,000","17,800","154.10K","0.00%"
"24/08/2021","19,000","19,100","19,200","18,500","206.00K","-0.52%"
"23/08/2021","19,100","19,700","19,900","18,700","204.90K","-3.05%"
"20/08/2021","19,700","19,200","20,200","19,200","379.70K","2.60%"
"19/08/2021","19,200","19,300","19,600","18,900","272.75K","0.52%"
"18/08/2021","19,100","18,600","19,200","18,600","226.60K","2.14%"
"17/08/2021","18,700","18,600","18,900","18,400","333.40K","1.08%"
"16/08/2021","18,500","19,100","19,700","18,500","99.55K","-3.14%"
"13/08/2021","19,100","18,500","20,200","18,500","157.40K","3.24%"
"12/08/2021","18,500","17,600","18,500","17,500","417.50K","2.78%"
"11/08/2021","18,000","18,200","18,200","17,800","23.40K","0.00%"
"10/08/2021","18,000","18,100","18,800","17,900","91.04K","0.00%"
"09/08/2021","18,000","16,900","18,400","16,700","170.50K","7.78%"
"06/08/2021","16,700","16,700","17,100","16,700","2.40K","-2.34%"
"05/08/2021","17,100","17,200","17,200","17,100","0.40K","0.59%"
"04/08/2021","17,000","16,700","17,000","16,700","9.20K","1.19%"
"03/08/2021","16,800","16,500","17,000","16,500","8.40K","-0.59%"
"02/08/2021","16,900","16,700","16,900","16,500","27.91K","0.60%"
"30/07/2021","16,800","16,800","16,800","16,600","10.00K","0.60%"
"29/07/2021","16,700","16,800","16,900","16,700","12.20K","-0.60%"
"28/07/2021","16,800","16,600","16,900","16,600","12.00K","0.60%"
"27/07/2021","16,700","16,500","16,700","16,400","6.10K","0.00%"
"26/07/2021","16,700","16,800","16,800","16,600","4.20K","-1.76%"
"23/07/2021","17,000","17,000","17,000","17,000","0.10K","0.59%"
"22/07/2021","16,900","16,900","17,000","16,500","14.70K","0.00%"
"21/07/2021","16,900","16,900","16,900","16,500","12.80K","0.00%"
"20/07/2021","16,900","16,500","17,000","16,500","3.80K","-0.59%"
"19/07/2021","17,000","16,900","17,000","16,500","9.90K","0.59%"
"16/07/2021","16,900","16,900","16,900","16,800","1.30K","0.60%"
"15/07/2021","16,800","16,700","17,000","16,700","2.90K","-0.59%"
"14/07/2021","16,900","16,700","16,900","16,700","0.70K","-0.59%"
"13/07/2021","17,000","17,000","17,000","16,800","6.90K","2.41%"
"12/07/2021","16,600","17,200","17,500","16,600","42.60K","-3.49%"
"09/07/2021","17,200","17,500","17,500","17,200","6.60K","-2.82%"
"08/07/2021","17,700","17,600","17,800","17,300","21.70K","1.14%"
"07/07/2021","17,500","17,500","17,500","17,400","11.00K","0.00%"
"06/07/2021","17,500","17,500","17,900","17,400","20.50K","-2.78%"
"05/07/2021","18,000","18,300","18,300","17,400","27.80K","0.00%"
"02/07/2021","18,000","17,700","18,200","17,500","32.20K","1.69%"
"01/07/2021","17,700","17,700","17,900","17,700","21.30K","-1.67%"
"30/06/2021","18,000","17,800","18,600","17,500","26.70K","1.12%"
"29/06/2021","17,800","17,800","17,800","17,500","43.61K","0.00%"
"28/06/2021","17,800","17,800","17,800","17,800","8.03K","0.00%"
"25/06/2021","17,800","17,800","17,900","17,800","5.60K","-0.56%"
"24/06/2021","17,900","18,200","18,200","17,800","5.00K","-2.19%"
"23/06/2021","18,300","17,800","18,300","17,800","7.20K","1.67%"
"22/06/2021","18,000","18,000","18,400","18,000","35.74K","0.00%"
"21/06/2021","18,000","18,200","18,500","18,000","11.84K","-1.10%"
"18/06/2021","18,200","18,400","18,400","18,000","38.00K","0.00%"
"17/06/2021","18,200","18,600","18,600","18,200","11.70K","-1.62%"
"16/06/2021","18,500","18,300","19,000","18,300","28.90K","1.65%"
"15/06/2021","18,200","18,000","18,500","18,000","41.10K","1.68%"
"14/06/2021","17,900","17,900","18,500","17,900","54.90K","1.13%"
"11/06/2021","17,700","17,700","18,200","17,700","91.00K","0.00%"
"10/06/2021","17,700","17,800","17,800","17,500","13.21K","-0.56%"
"09/06/2021","17,800","17,600","18,100","17,500","19.60K","0.00%"
"08/06/2021","17,800","19,000","19,000","17,800","10.50K","-1.11%"
"07/06/2021","18,000","17,900","19,500","17,900","67.61K","0.56%"
"04/06/2021","17,900","18,300","18,300","17,500","21.81K","-2.19%"
"03/06/2021","18,300","17,800","18,500","17,800","24.80K","2.81%"
"02/06/2021","17,800","17,500","17,800","17,500","9.90K","-0.56%"
"01/06/2021","17,900","17,700","18,000","17,700","5.50K","1.13%"
"31/05/2021","17,700","17,500","17,800","17,500","3.80K","1.72%"
"28/05/2021","17,400","17,600","17,700","17,400","4.30K","0.00%"
"27/05/2021","17,400","18,100","18,100","17,400","3.00K","-3.33%"
"26/05/2021","18,000","18,000","18,000","17,900","1.00K","1.12%"
"25/05/2021","17,800","17,900","17,900","17,400","40.70K","-0.56%"
"24/05/2021","17,900","18,000","18,100","17,800","20.50K","1.70%"
"21/05/2021","17,600","18,000","18,100","17,600","20.70K","-1.68%"
"20/05/2021","17,900","18,000","18,400","17,900","32.90K","0.56%"
"19/05/2021","17,800","17,500","18,000","17,500","28.70K","1.14%"
"18/05/2021","17,600","17,600","17,600","17,600","6.10K","1.15%"
"17/05/2021","17,400","17,500","18,400","17,400","8.30K","-0.57%"
"14/05/2021","17,500","17,600","17,900","17,500","20.40K","-1.69%"
"13/05/2021","17,800","18,100","18,300","17,800","24.92K","-1.66%"
"12/05/2021","18,100","17,700","18,100","17,600","17.61K","0.56%"
"11/05/2021","18,000","17,300","18,000","17,300","10.10K","4.05%"
"10/05/2021","17,300","17,300","17,600","17,000","62.81K","-2.26%"
"07/05/2021","17,700","18,000","18,000","17,300","30.70K","-1.67%"
"06/05/2021","18,000","18,000","18,300","18,000","28.70K","0.56%"
"05/05/2021","17,900","18,500","18,500","17,800","16.60K","-2.72%"
"04/05/2021","18,400","17,200","18,500","17,100","15.80K","6.98%"
"29/04/2021","17,200","17,500","17,700","17,200","27.72K","-1.71%"
"28/04/2021","17,500","17,800","17,800","17,000","40.00K","0.00%"
"27/04/2021","17,500","17,500","17,600","17,100","5.60K","-2.23%"
"26/04/2021","17,900","17,900","17,900","17,000","39.30K","0.00%"
"23/04/2021","17,900","17,000","17,900","16,900","29.10K","5.29%"
"22/04/2021","17,000","18,900","18,900","17,000","25.70K","-5.56%"
"20/04/2021","18,000","17,800","20,000","17,800","43.10K","0.00%"
"19/04/2021","18,000","19,500","19,500","17,000","73.61K","-5.26%"
"16/04/2021","19,000","20,700","20,700","18,700","58.50K","-8.21%"
"15/04/2021","20,700","20,900","21,500","19,600","36.80K","0.49%"
"14/04/2021","20,600","20,600","20,600","20,600","3.50K","-1.44%"
"13/04/2021","20,900","21,100","21,500","20,400","21.74K","-2.79%"
"12/04/2021","21,500","21,500","22,500","21,000","49.70K","2.38%"
"09/04/2021","21,000","20,500","21,700","19,800","36.00K","5.00%"
"08/04/2021","20,000","20,300","20,400","20,000","42.30K","-2.91%"
"07/04/2021","20,600","20,600","20,600","20,200","50.20K","-0.96%"
"06/04/2021","20,800","21,100","21,100","20,400","15.54K","-0.95%"
"05/04/2021","21,000","21,100","21,100","20,200","35.60K","-0.47%"
"02/04/2021","21,100","20,800","21,100","20,800","42.00K","0.96%"
"01/04/2021","20,900","21,200","21,400","20,800","20.30K","-4.57%"
"31/03/2021","21,900","22,100","22,100","21,000","37.10K","-0.45%"
"30/03/2021","22,000","21,100","22,300","20,800","150.30K","4.76%"
"29/03/2021","21,000","20,900","21,000","20,500","33.30K","0.96%"
"26/03/2021","20,800","20,900","21,200","20,000","36.60K","-0.48%"
"25/03/2021","20,900","21,000","22,000","20,900","56.60K","-1.88%"
"24/03/2021","21,300","22,000","22,000","20,600","46.50K","-5.33%"
"23/03/2021","22,500","22,700","23,500","21,800","82.30K","-2.17%"
"22/03/2021","23,000","20,200","23,000","20,200","158.60K","14.43%"
"19/03/2021","20,100","21,200","21,200","19,500","95.14K","-1.95%"
"18/03/2021","20,500","22,000","22,600","20,000","70.33K","-6.82%"
"17/03/2021","22,000","21,000","22,000","21,000","195.60K","12.82%"
"16/03/2021","19,500","17,000","19,500","17,000","197.10K","14.71%"
"15/03/2021","17,000","17,000","17,000","17,000","7.00K","0.59%"
"12/03/2021","16,900","16,800","17,000","16,800","19.40K","0.00%"
"11/03/2021","16,900","17,000","17,000","16,600","11.22K","-0.59%"
"10/03/2021","17,000","17,500","17,500","16,600","7.40K","0.59%"
"09/03/2021","16,900","17,000","17,000","16,900","7.51K","0.60%"
"08/03/2021","16,800","16,900","17,000","16,800","14.70K","1.20%"
"05/03/2021","16,600","16,900","16,900","16,600","5.60K","-1.19%"
"04/03/2021","16,800","16,700","16,800","16,500","21.40K","-0.59%"
"03/03/2021","16,900","17,000","17,000","16,800","7.20K","0.00%"
"02/03/2021","16,900","16,700","17,000","16,600","10.40K","1.20%"
"01/03/2021","16,700","17,000","17,000","16,700","6.10K","-1.18%"
"26/02/2021","16,900","16,500","17,200","16,500","5.20K","-1.17%"
"25/02/2021","17,100","17,100","17,100","17,100","1.10K","-0.58%"
"24/02/2021","17,200","17,000","17,200","17,000","2.50K","0.58%"
"23/02/2021","17,100","17,000","17,300","17,000","9.00K","0.59%"
"22/02/2021","17,000","17,000","17,000","16,700","7.20K","0.00%"
"19/02/2021","17,000","17,000","17,000","17,000","0.10K","-1.16%"
"18/02/2021","17,200","16,600","17,200","16,500","2.30K","1.18%"
"17/02/2021","17,000","16,500","17,000","16,500","57.50K","3.03%"
"09/02/2021","16,500","16,500","16,500","16,500","0.50K","-2.94%"
"08/02/2021","17,000","16,500","17,000","16,500","5.10K","1.80%"
"05/02/2021","16,700","16,300","16,900","16,300","2.10K","-1.76%"
"04/02/2021","17,000","17,000","17,000","16,500","2.40K","0.59%"
"03/02/2021","16,900","16,000","16,900","16,000","7.30K","10.46%"
"02/02/2021","15,300","15,700","15,700","15,300","2.00K","-1.92%"
"01/02/2021","15,600","16,900","16,900","15,600","5.10K","-5.45%"
"29/01/2021","16,500","15,100","16,500","15,100","1.40K","-1.79%"
"28/01/2021","16,800","17,000","17,000","15,000","14.80K","-1.75%"
"27/01/2021","17,100","17,200","17,200","16,500","9.00K","0.59%"
"26/01/2021","17,000","17,000","17,500","17,000","16.70K","0.00%"
"25/01/2021","17,000","17,000","17,000","17,000","15.60K","-0.58%"
"22/01/2021","17,100","17,200","17,200","17,100","1.70K","-0.58%"
"21/01/2021","17,200","16,700","17,200","16,700","7.30K","2.99%"
"20/01/2021","16,700","17,000","17,000","16,500","3.10K","1.21%"
"19/01/2021","16,500","17,000","17,000","16,500","6.00K","-7.30%"
"18/01/2021","17,800","17,000","17,800","17,000","1.50K","2.89%"
"15/01/2021","17,300","17,200","17,700","17,200","20.50K","-2.26%"
"14/01/2021","17,700","16,300","17,700","16,300","0.20K","2.31%"
"13/01/2021","17,300","17,000","17,300","17,000","1.10K","0.00%"
"12/01/2021","17,300","17,200","17,300","17,000","2.90K","2.98%"
"11/01/2021","16,800","17,000","17,000","16,800","4.70K","-5.62%"
"08/01/2021","17,800","17,100","17,800","16,700","6.21K","4.71%"
"07/01/2021","17,000","17,200","17,400","17,000","2.52K","-1.16%"
"06/01/2021","17,200","17,200","17,200","17,200","2.50K","0.00%"
"05/01/2021","17,200","17,000","17,200","17,000","11.26K","-1.71%"
"04/01/2021","17,500","17,500","17,500","17,200","11.40K","-0.57%"
"31/12/2020","17,600","17,500","17,600","17,500","10.56K","-0.56%"
"30/12/2020","17,700","17,700","17,700","17,500","12.21K","1.14%"
"29/12/2020","17,500","18,100","18,100","17,400","21.05K","-7.89%"
"28/12/2020","19,000","17,100","19,000","17,100","0.40K","5.56%"
"25/12/2020","18,000","18,500","18,500","18,000","21.40K","-1.10%"
"24/12/2020","18,200","17,500","19,000","17,300","475.30K","4.00%"
"23/12/2020","17,500","17,000","17,500","17,000","246.06K","1.16%"
"22/12/2020","17,300","17,100","17,500","17,000","10.70K","0.58%"
"21/12/2020","17,200","17,500","17,500","17,200","26.80K","-1.71%"
"18/12/2020","17,500","16,700","17,500","16,700","27.10K","2.94%"
"17/12/2020","17,000","17,000","17,000","16,300","7.25K","0.00%"
"16/12/2020","17,000","17,000","17,100","16,700","19.60K","0.59%"
"15/12/2020","16,900","17,100","17,200","16,900","42.37K","-1.17%"
"14/12/2020","17,100","17,200","17,500","17,000","94.62K","1.18%"
"11/12/2020","16,900","17,400","18,300","16,900","32.41K","-1.74%"
"10/12/2020","17,200","16,000","17,300","15,400","446.21K","11.69%"
"09/12/2020","15,400","14,600","15,500","14,600","325.10K","1.99%"
"08/12/2020","15,100","15,500","15,500","15,100","6.40K","-1.95%"
"07/12/2020","15,400","15,500","15,500","15,000","26.10K","1.99%"
"04/12/2020","15,100","14,000","15,500","14,000","33.20K","11.03%"
"03/12/2020","13,600","13,800","13,900","13,600","2.50K","-1.45%"
"02/12/2020","13,800","13,800","13,800","13,800","1.00K","2.99%"
"01/12/2020","13,400","13,600","13,600","13,400","1.85K","-1.47%"
"30/11/2020","13,600","13,700","13,700","13,500","14.70K","0.00%"
"27/11/2020","13,600","13,800","13,800","13,600","8.05K","-2.86%"
"26/11/2020","14,000","13,700","14,000","13,700","5.70K","3.70%"
"25/11/2020","13,500","13,300","13,700","13,300","6.70K","0.75%"
"24/11/2020","13,400","13,200","13,400","13,200","1.70K","1.52%"
"23/11/2020","13,200","13,200","13,200","13,200","1.30K","0.00%"
"20/11/2020","13,200","13,200","13,200","13,200","2.00K","0.76%"
"19/11/2020","13,100","13,200","13,200","13,100","3.10K","0.00%"
"18/11/2020","13,100","13,100","13,100","13,100","1.00K","-2.24%"
"17/11/2020","13,400","12,900","13,400","12,900","3.20K","-0.74%"
"16/11/2020","13,500","13,500","13,500","13,500","1.00K","0.00%"
"13/11/2020","13,500","13,500","13,500","13,500","0.12K","2.27%"
"12/11/2020","13,200","13,200","13,200","13,200","1.30K","-2.22%"
"10/11/2020","13,500","13,500","13,500","13,000","10.20K","3.85%"
"09/11/2020","13,000","13,100","13,100","13,000","15.30K","0.00%"
"06/11/2020","13,000","13,400","13,400","12,900","4.50K","-2.26%"
"05/11/2020","13,300","13,300","13,300","13,300","0.10K","-1.48%"
"04/11/2020","13,500","13,500","13,500","13,500","0.10K","7.14%"
"03/11/2020","12,600","12,700","12,700","12,600","1.51K","-5.26%"
"02/11/2020","13,300","11,900","13,300","11,900","1.00K","4.72%"
"30/10/2020","12,700","12,700","12,900","12,600","2.20K","3.25%"
"29/10/2020","12,300","12,300","12,300","12,300","1.01K","-2.38%"
"28/10/2020","12,600","13,400","13,400","12,600","4.00K","-3.08%"
"27/10/2020","13,000","12,900","13,000","12,800","2.40K","0.00%"
"26/10/2020","13,000","13,100","13,100","13,000","1.30K","-2.26%"
"23/10/2020","13,300","13,300","13,300","13,300","0.10K","-1.48%"
"22/10/2020","13,500","13,500","13,500","13,500","1.00K","1.50%"
"21/10/2020","13,300","13,200","13,300","13,200","1.70K","0.00%"
"20/10/2020","13,300","13,100","13,500","13,100","5.41K","1.53%"
"19/10/2020","13,100","14,000","14,000","13,100","3.20K","-2.96%"
"16/10/2020","13,500","13,400","13,500","13,400","8.40K","3.05%"
"15/10/2020","13,100","13,500","13,500","13,100","0.60K","-2.96%"
"14/10/2020","13,500","13,500","13,500","13,500","1.70K","1.50%"
"13/10/2020","13,300","13,300","13,500","13,300","3.04K","0.00%"
"12/10/2020","13,300","13,400","13,400","13,300","2.50K","-4.32%"
"09/10/2020","13,900","13,400","13,900","13,400","8.32K","3.73%"
"08/10/2020","13,400","13,500","13,500","13,400","1.40K","-0.74%"
"07/10/2020","13,500","13,400","13,500","13,400","0.50K","2.27%"
"06/10/2020","13,200","12,900","13,200","12,900","6.30K","3.94%"
"05/10/2020","12,700","12,800","12,800","12,500","3.55K","-1.55%"
"02/10/2020","12,900","12,900","13,000","12,900","3.50K","0.78%"
"01/10/2020","12,800","13,000","13,200","12,800","4.00K","-1.54%"
"29/09/2020","13,000","13,000","13,000","13,000","0.10K","-3.70%"
"28/09/2020","13,500","13,500","13,500","13,500","1.80K","4.65%"
"25/09/2020","12,900","13,400","13,400","12,900","0.30K","-4.44%"
"24/09/2020","13,500","12,800","13,900","12,800","1.50K","3.85%"
"23/09/2020","13,000","12,700","13,000","12,700","1.80K","2.36%"
"22/09/2020","12,700","12,800","12,900","12,700","2.10K","-1.55%"
"21/09/2020","12,900","12,800","12,900","12,800","1.34K","-0.77%"
"18/09/2020","13,000","13,000","13,000","12,700","1.30K","-3.70%"
"17/09/2020","13,500","13,000","13,900","13,000","1.80K","7.14%"
"16/09/2020","12,600","13,100","13,100","12,600","4.50K","-2.33%"
"15/09/2020","12,900","13,000","13,500","12,900","2.58K","-4.44%"
"14/09/2020","13,500","13,200","13,500","13,000","2.30K","1.50%"
"11/09/2020","13,300","13,400","13,800","13,300","2.10K","-4.32%"
"10/09/2020","13,900","14,000","14,000","13,300","1.40K","0.72%"
"09/09/2020","13,800","13,300","13,800","13,300","0.40K","-1.43%"
"08/09/2020","14,000","13,200","14,000","13,200","1.11K","6.06%"
"07/09/2020","13,200","13,300","13,300","13,200","16.20K","-5.04%"
"04/09/2020","13,900","13,000","14,200","13,000","18.99K","6.92%"
"03/09/2020","13,000","13,000","13,000","12,700","5.11K","4.00%"
"01/09/2020","12,500","12,500","12,600","12,500","16.30K","0.00%"
"31/08/2020","12,500","12,500","12,500","12,500","0.10K","-3.85%"
"28/08/2020","13,000","12,000","13,800","12,000","22.18K","8.33%"
"27/08/2020","12,000","12,000","12,000","12,000","12.20K","-1.64%"
"26/08/2020","12,200","12,000","12,200","12,000","1.21K","3.39%"
"25/08/2020","11,800","11,900","11,900","11,800","1.70K","0.00%"
"24/08/2020","11,800","12,000","12,000","11,800","4.20K","0.00%"
"21/08/2020","11,800","11,800","11,800","11,800","0.20K","0.85%"
"20/08/2020","11,700","11,800","11,800","11,700","5.00K","0.86%"
"19/08/2020","11,600","12,000","12,000","11,600","26.00K","0.87%"
"17/08/2020","11,500","11,400","11,500","11,400","4.00K","-1.71%"
"14/08/2020","11,700","11,700","11,700","11,700","0.89K","-2.50%"
"13/08/2020","12,000","12,000","12,000","11,800","1.30K","0.84%"
"12/08/2020","11,900","12,000","12,000","11,900","4.50K","0.00%"
"11/08/2020","11,900","11,900","11,900","11,900","3.80K","0.00%"
"07/08/2020","11,900","11,900","11,900","11,900","1.01K","0.85%"
"06/08/2020","11,800","12,000","12,000","11,800","3.30K","-0.84%"
"05/08/2020","11,900","11,900","12,000","11,900","4.60K","0.00%"
"04/08/2020","11,900","11,700","11,900","11,100","4.00K","0.85%"
"03/08/2020","11,800","11,900","11,900","11,800","1.20K","7.27%"
"31/07/2020","11,000","12,000","12,000","11,000","8.05K","-3.51%"
"29/07/2020","11,400","11,500","11,500","11,400","4.70K","-1.72%"
"28/07/2020","11,600","11,400","11,600","11,400","1.70K","3.57%"
"27/07/2020","11,200","11,800","11,800","11,200","7.83K","-8.94%"
"23/07/2020","12,300","12,300","12,300","12,300","2.00K","-0.81%"
"22/07/2020","12,400","12,400","12,400","12,400","1.00K","0.00%"
"21/07/2020","12,400","12,300","12,400","12,300","0.80K","0.81%"
"17/07/2020","12,300","12,500","12,500","12,300","7.30K","-1.60%"
"16/07/2020","12,500","12,300","12,500","12,300","4.10K","2.46%"
"14/07/2020","12,200","12,200","12,200","12,200","2.60K","0.00%"
"13/07/2020","12,200","12,300","12,400","12,200","6.30K","-0.81%"
"10/07/2020","12,300","12,000","12,300","11,900","5.80K","0.00%"
"08/07/2020","12,300","12,200","12,300","12,200","2.00K","-0.81%"
"07/07/2020","12,400","12,400","12,400","12,400","2.22K","0.81%"
"06/07/2020","12,300","12,300","12,300","12,300","2.01K","2.50%"
"03/07/2020","12,000","12,000","12,000","12,000","2.90K","0.00%"
"02/07/2020","12,000","12,000","12,000","12,000","5.40K","1.69%"
"01/07/2020","11,800","11,900","11,900","11,800","4.00K","0.85%"
"29/06/2020","11,700","12,000","12,000","11,700","5.50K","-2.50%"
"26/06/2020","12,000","12,000","12,000","12,000","0.50K","1.69%"
"24/06/2020","11,800","12,300","12,300","11,800","3.00K","-5.60%"
"22/06/2020","12,500","12,500","12,500","12,500","1.10K","-3.10%"
"19/06/2020","12,900","11,900","13,000","11,900","2.90K","10.26%"
"18/06/2020","11,700","11,800","11,900","11,700","3.30K","-2.50%"
"17/06/2020","12,000","11,800","12,500","11,800","1.40K","-1.64%"
"16/06/2020","12,200","11,700","12,600","11,700","0.70K","5.17%"
"15/06/2020","11,600","11,600","12,000","11,500","3.44K","0.87%"
"12/06/2020","11,500","11,600","11,700","11,500","1.72K","-2.54%"
"11/06/2020","11,800","12,100","12,400","11,700","7.83K","-3.28%"
"10/06/2020","12,200","11,900","12,500","11,800","5.60K","-9.63%"
"09/06/2020","13,500","13,500","13,500","13,500","1.32K","-2.88%"
"08/06/2020","13,900","13,900","14,400","13,800","18.46K","2.21%"
"05/06/2020","13,600","12,100","13,600","12,100","56.10K","13.33%"
"04/06/2020","12,000","11,900","12,000","11,800","9.50K","1.69%"
"03/06/2020","11,800","11,400","11,800","11,400","2.60K","0.00%"
"02/06/2020","11,800","11,600","12,000","11,600","12.20K","2.61%"
"01/06/2020","11,500","11,600","11,600","11,500","1.20K","2.68%"
"29/05/2020","11,200","11,300","11,300","11,200","2.00K","-4.27%"
"28/05/2020","11,700","11,700","11,700","11,300","2.80K","0.86%"
"27/05/2020","11,600","11,500","11,600","11,300","4.50K","0.87%"
"26/05/2020","11,500","11,200","11,800","11,200","4.90K","0.00%"
"25/05/2020","11,500","11,500","11,600","11,000","15.30K","0.00%"
"22/05/2020","11,500","11,300","11,500","11,300","1.60K","2.68%"
"21/05/2020","11,200","11,400","11,500","11,200","4.40K","-2.61%"
"20/05/2020","11,500","11,100","11,500","11,000","2.30K","3.60%"
"19/05/2020","11,100","11,300","11,300","11,100","5.00K","-0.89%"
"18/05/2020","11,200","11,300","11,300","11,200","0.80K","-2.61%"
"15/05/2020","11,500","11,500","11,500","11,500","5.59K","-0.86%"
"14/05/2020","11,600","11,600","11,600","11,500","6.20K","3.57%"
"13/05/2020","11,200","11,500","11,500","11,200","2.00K","-2.61%"
"12/05/2020","11,500","11,300","11,500","11,300","3.85K","1.77%"
"11/05/2020","11,300","11,500","11,500","11,300","2.30K","-2.59%"
"07/05/2020","11,600","11,300","11,600","11,300","12.90K","1.75%"
"06/05/2020","11,400","11,400","11,600","11,100","2.50K","-1.72%"
"28/04/2020","11,600","11,300","11,600","11,300","4.21K","2.65%"
"27/04/2020","11,300","11,300","11,300","11,300","1.00K","0.00%"
"24/04/2020","11,300","11,300","11,300","11,300","0.10K","-0.88%"
"22/04/2020","11,400","11,000","11,400","11,000","1.70K","3.64%"
"21/04/2020","11,000","11,500","11,500","11,000","3.60K","-4.35%"
"20/04/2020","11,500","11,800","11,800","11,500","3.20K","-3.36%"
"17/04/2020","11,900","11,800","12,000","11,500","11.26K","3.48%"
"16/04/2020","11,500","11,500","11,500","11,500","7.40K","-1.71%"
"15/04/2020","11,700","11,700","11,700","11,700","0.10K","1.74%"
"14/04/2020","11,500","11,600","11,600","11,500","3.20K","-1.71%"
"10/04/2020","11,700","11,700","11,700","11,700","0.10K","-0.85%"
"09/04/2020","11,800","11,600","11,800","11,600","0.30K","6.31%"
"07/04/2020","11,100","11,100","11,100","11,000","18.00K","0.00%"
"06/04/2020","11,100","11,400","11,400","11,000","0.80K","2.78%"
"03/04/2020","10,800","10,800","10,800","10,800","1.00K","-1.82%"
"30/03/2020","11,000","11,000","11,000","11,000","1.00K","0.00%"
"26/03/2020","11,000","11,000","11,000","11,000","1.00K","0.00%"
"24/03/2020","11,000","11,000","11,000","11,000","2.63K","0.00%"
"23/03/2020","11,000","11,100","11,100","11,000","1.10K","0.00%"
"20/03/2020","11,000","11,000","11,000","11,000","0.30K","0.00%"
"19/03/2020","11,000","11,000","11,000","11,000","1.01K","4.76%"
"18/03/2020","10,500","11,000","11,000","10,500","1.50K","-12.50%"
"13/03/2020","12,000","11,900","12,000","11,000","2.37K","-7.69%"
"12/03/2020","13,000","11,100","13,000","11,000","41.00K","8.33%"
"10/03/2020","12,000","11,600","12,000","11,600","10.20K","0.00%"
"09/03/2020","12,000","11,700","12,200","11,300","2.00K","-0.83%"
"03/03/2020","12,100","11,700","12,100","11,700","0.70K","0.00%"
"02/03/2020","12,100","11,900","12,100","11,800","4.60K","5.22%"
"28/02/2020","11,500","11,700","12,000","11,500","4.10K","-2.54%"
"27/02/2020","11,800","11,700","11,800","11,400","3.10K","-1.67%"
"26/02/2020","12,000","11,700","12,000","11,700","3.10K","4.35%"
"25/02/2020","11,500","11,600","11,600","11,500","2.50K","-4.17%"
"24/02/2020","12,000","12,000","12,000","12,000","3.40K","0.00%"
"21/02/2020","12,000","12,000","12,000","12,000","1.00K","4.35%"
"20/02/2020","11,500","12,400","12,400","11,500","8.00K","-11.54%"
"19/02/2020","13,000","12,000","13,000","12,000","0.20K","8.33%"
"18/02/2020","12,000","12,400","12,800","12,000","9.60K","0.84%"
"14/02/2020","11,900","12,600","12,900","11,800","1.10K","-0.83%"
"13/02/2020","12,000","12,000","12,000","12,000","","0.00%"
"12/02/2020","12,000","12,300","12,300","11,700","2.40K","-2.44%"
"10/02/2020","12,300","12,300","12,300","12,300","1.80K","0.00%"
"06/02/2020","12,300","12,300","12,300","12,300","0.10K","1.65%"
"05/02/2020","12,100","12,100","12,100","12,100","0.60K","0.00%"
"04/02/2020","12,100","12,100","12,100","12,100","0.90K","5.22%"
"03/02/2020","11,500","12,300","12,300","11,500","2.30K","-4.96%"
"30/01/2020","12,100","12,100","12,100","12,100","0.10K","-12.32%"
"22/01/2020","13,800","13,700","13,800","13,700","0.30K","7.81%"
"20/01/2020","12,800","12,800","12,800","12,800","1.20K","0.79%"
"17/01/2020","12,700","12,900","12,900","12,700","0.50K","-2.31%"
"16/01/2020","13,000","13,000","13,000","13,000","0.10K","-7.14%"
"15/01/2020","14,000","13,600","14,000","13,600","0.90K","3.70%"
"14/01/2020","13,500","12,100","13,500","12,100","52.00K","17.39%"
"13/01/2020","11,500","12,000","12,000","11,500","1.20K","-3.36%"
"10/01/2020","11,900","11,800","11,900","11,800","0.80K","0.00%"
"09/01/2020","11,900","11,800","11,900","11,800","0.30K","0.00%"
"07/01/2020","11,900","11,800","11,900","11,800","1.20K","3.48%"
"06/01/2020","11,500","11,500","11,500","11,500","0.10K","-3.36%"
"03/01/2020","11,900","11,800","11,900","11,800","5.93K","3.48%"
"02/01/2020","11,500","11,900","11,900","11,500","3.70K","-2.54%"
"27/12/2019","11,800","11,500","11,800","11,500","2.40K","0.00%"
"26/12/2019","11,800","11,800","11,800","11,500","4.70K","0.00%"
"25/12/2019","11,800","11,800","11,800","11,600","6.70K","0.00%"
"24/12/2019","11,800","11,700","11,800","11,700","2.60K","1.72%"
"23/12/2019","11,600","11,400","11,600","11,300","1.20K","-4.13%"
"18/12/2019","12,100","11,800","12,100","11,800","6.00K","2.54%"
"17/12/2019","11,800","11,500","11,800","11,500","0.70K","3.51%"
"16/12/2019","11,400","11,800","11,800","11,400","1.30K","-0.87%"
"13/12/2019","11,500","11,400","11,600","11,400","2.80K","0.88%"
"12/12/2019","11,400","11,300","11,400","11,300","2.90K","0.00%"
"11/12/2019","11,400","11,500","11,500","11,300","3.90K","-3.39%"
"10/12/2019","11,800","11,500","11,800","11,400","3.20K","-0.84%"
"05/12/2019","11,900","11,900","12,000","11,100","1.40K","7.21%"
"04/12/2019","11,100","11,200","11,200","11,000","1.30K","-1.77%"
"03/12/2019","11,300","11,300","11,300","11,300","0.50K","-0.88%"
"02/12/2019","11,400","11,300","11,400","11,200","0.40K","1.79%"
"28/11/2019","11,200","11,900","11,900","11,200","0.40K","-0.88%"
"27/11/2019","11,300","11,600","11,600","11,300","0.90K","-1.74%"
"26/11/2019","11,500","11,500","11,500","11,500","1.00K","0.00%"
"25/11/2019","11,500","11,100","11,500","11,100","1.90K","4.55%"
"22/11/2019","11,000","11,000","11,300","11,000","5.60K","-0.90%"
"21/11/2019","11,100","10,900","11,100","10,900","0.60K","-0.89%"
"20/11/2019","11,200","11,100","11,200","10,900","8.60K","0.00%"
"19/11/2019","11,200","11,000","11,200","11,000","8.90K","0.90%"
"18/11/2019","11,100","10,500","11,900","10,500","0.40K","-3.48%"
"15/11/2019","11,500","11,500","11,500","9,900","23.10K","0.00%"
"14/11/2019","11,500","11,700","11,700","11,500","10.90K","-2.54%"
"13/11/2019","11,800","11,200","11,800","11,200","0.30K","2.61%"
"12/11/2019","11,500","11,200","11,700","11,200","26.25K","4.55%"
"11/11/2019","11,000","11,800","11,800","11,000","4.60K","-5.98%"
"08/11/2019","11,700","11,600","11,700","11,600","1.70K","0.86%"
"07/11/2019","11,600","11,800","11,800","11,600","1.00K","0.00%"
"06/11/2019","11,600","12,000","12,000","11,600","3.50K","-3.33%"
"05/11/2019","12,000","12,400","12,400","12,000","15.20K","-3.23%"
"04/11/2019","12,400","12,400","12,400","12,400","10.50K","0.00%"
"01/11/2019","12,400","12,600","12,600","12,300","6.20K","-3.13%"
"31/10/2019","12,800","12,800","12,800","12,100","15.70K","0.00%"
"30/10/2019","12,800","13,300","13,300","12,700","14.70K","-1.54%"
"29/10/2019","13,000","13,500","13,500","12,900","7.50K","-3.70%"
"28/10/2019","13,500","13,400","13,500","13,000","8.60K","1.50%"
"25/10/2019","13,300","13,600","13,600","13,200","5.60K","-1.48%"
"24/10/2019","13,500","13,500","13,500","13,500","1.00K","0.00%"
"23/10/2019","13,500","13,000","13,500","13,000","13.20K","0.00%"
"22/10/2019","13,500","13,500","13,500","13,500","0.50K","3.85%"
"21/10/2019","13,000","13,000","13,000","13,000","2.10K","0.00%"
"18/10/2019","13,000","13,800","13,800","13,000","19.20K","-5.11%"
"17/10/2019","13,700","13,100","13,700","13,000","7.40K","0.74%"
"16/10/2019","13,600","13,600","13,600","13,000","6.90K","3.03%"
"15/10/2019","13,200","13,400","13,400","13,200","8.10K","-2.22%"
"14/10/2019","13,500","13,900","14,000","13,500","6.90K","-2.17%"
"11/10/2019","13,800","14,100","14,100","13,800","5.20K","0.73%"
"10/10/2019","13,700","14,200","14,500","13,700","2.30K","-2.14%"
"09/10/2019","14,000","14,300","14,300","13,400","5.40K","1.45%"
"08/10/2019","13,800","13,600","13,800","13,500","2.60K","-1.43%"
"07/10/2019","14,000","14,000","14,000","13,600","1.50K","-3.45%"
"04/10/2019","14,500","13,700","14,500","13,700","2.40K","5.84%"
"03/10/2019","13,700","13,600","13,700","13,600","1.90K","1.48%"
"02/10/2019","13,500","13,600","13,700","13,200","6.90K","1.50%"
"01/10/2019","13,300","13,700","13,700","13,200","18.25K","-5.00%"
"30/09/2019","14,000","14,100","14,100","13,700","4.60K","0.72%"
"27/09/2019","13,900","13,900","14,000","13,500","20.10K","-3.47%"
"26/09/2019","14,400","14,900","14,900","14,000","8.30K","0.00%"
"25/09/2019","14,400","14,900","14,900","14,200","15.10K","-3.36%"
"24/09/2019","14,900","15,100","15,100","14,900","7.40K","-1.32%"
"23/09/2019","15,100","15,600","15,600","15,100","8.21K","0.00%"
"20/09/2019","15,100","15,300","15,700","15,100","14.20K","-3.82%"
"19/09/2019","15,700","15,200","15,700","15,200","4.30K","3.29%"
"18/09/2019","15,200","15,900","15,900","15,200","13.50K","-1.30%"
"17/09/2019","15,400","15,900","15,900","15,100","19.70K","-1.91%"
"16/09/2019","15,700","15,400","15,900","15,200","6.35K","-1.88%"
"13/09/2019","16,000","16,000","16,000","15,200","17.70K","-3.03%"
"12/09/2019","16,500","15,100","16,500","15,100","21.60K","9.27%"
"11/09/2019","15,100","15,400","15,700","15,000","21.40K","-1.95%"
"10/09/2019","15,400","16,300","16,300","15,300","6.70K","-3.75%"
"09/09/2019","16,000","15,400","16,200","14,900","13.01K","3.23%"
"06/09/2019","15,500","15,900","16,000","15,000","40.55K","-6.06%"
"05/09/2019","16,500","16,200","16,500","15,700","20.82K","1.23%"
"04/09/2019","16,300","16,600","17,800","15,900","81.13K","-2.40%"
"03/09/2019","16,700","18,500","18,500","16,700","37.90K","-7.73%"
"30/08/2019","18,100","21,500","21,500","18,000","37.34K","-13.81%"
"29/08/2019","21,000","20,000","21,200","20,000","59.76K","5.00%"
"28/08/2019","20,000","17,800","20,000","17,300","140.27K","11.11%"
"27/08/2019","18,000","18,000","18,500","17,500","90.70K","2.86%"
"26/08/2019","17,500","16,800","18,500","16,800","59.80K","4.17%"
"23/08/2019","16,800","16,100","17,000","16,000","40.20K","5.00%"
"22/08/2019","16,000","15,600","17,900","14,800","61.10K","0.63%"
"21/08/2019","15,900","14,800","15,900","14,800","57.48K","12.77%"
"20/08/2019","14,100","12,400","14,100","12,400","83.60K","6.82%"
"19/08/2019","13,200","11,600","13,200","11,600","1.90K","5.60%"
"16/08/2019","12,500","11,600","13,900","11,600","8.70K","0.00%"
"15/08/2019","12,500","13,100","13,900","12,000","6.40K","-4.58%"
"14/08/2019","13,100","13,200","13,900","13,100","14.30K","-8.39%"
"13/08/2019","14,300","16,400","16,400","14,300","3.22K","0.00%"
"12/08/2019","14,300","13,500","14,300","13,500","24.20K","13.49%"
"09/08/2019","12,600","12,000","12,600","12,000","27.10K","13.51%"
"08/08/2019","11,100","10,700","11,100","10,700","0.60K","0.00%"
"07/08/2019","11,100","11,100","11,100","11,100","0.10K","5.71%"
"06/08/2019","10,500","11,200","12,800","10,500","3.70K","-0.94%"
"05/08/2019","10,600","11,200","11,200","10,600","5.30K","-5.36%"
"26/07/2019","11,200","11,100","11,200","11,100","1.70K","1.82%"
"25/07/2019","11,000","10,500","11,000","10,500","1.40K","7.84%"
"24/07/2019","10,200","10,200","10,200","10,200","0.22K","-6.42%"
"23/07/2019","10,900","11,000","11,000","10,900","3.51K","0.00%"
"22/07/2019","10,900","10,900","10,900","10,900","0.33K","0.00%"
"19/07/2019","10,900","10,900","10,900","10,900","2.10K","9.00%"
"17/07/2019","10,000","10,900","11,000","10,000","2.31K","-5.66%"
"15/07/2019","10,600","10,600","10,600","10,600","0.10K","-7.02%"
"11/07/2019","11,400","11,200","11,400","11,200","0.20K","3.64%"
"09/07/2019","11,000","11,000","11,000","11,000","0.10K","4.76%"
"05/07/2019","10,500","10,500","10,500","10,500","0.10K","10.53%"
"03/07/2019","9,500","10,000","10,000","9,500","0.80K","-9.52%"
"01/07/2019","10,500","10,500","10,500","10,500","1.92K","5.00%"
"25/06/2019","10,000","10,000","10,000","10,000","0.10K","-11.50%"
"21/06/2019","11,300","11,300","11,300","11,300","0.20K","-1.74%"
"14/06/2019","11,500","11,500","11,500","11,500","0.20K","-6.50%"
"13/06/2019","12,300","12,300","12,300","12,300","0.11K","12.84%"
"12/06/2019","10,900","10,900","10,900","10,900","0.10K","14.74%"
"10/06/2019","9,500","9,500","9,500","9,500","0.10K","4.40%"
"07/06/2019","9,100","9,700","9,700","9,100","0.40K","-9.00%"
"06/06/2019","10,000","10,000","10,000","10,000","10.36K","-8.26%"
"03/06/2019","10,900","10,900","10,900","10,900","0.10K","0.00%"
"27/05/2019","10,900","10,900","10,900","10,900","0.32K","0.00%"
"21/05/2019","10,900","10,900","10,900","10,900","0.10K","6.86%"
"14/05/2019","10,200","10,200","10,200","10,200","0.10K","-2.86%"
"03/05/2019","10,500","9,700","10,500","9,700","0.40K","5.00%"
"19/04/2019","10,000","10,000","10,000","10,000","0.10K","-12.28%"
"12/04/2019","11,400","11,000","11,400","9,900","5.73K","3.64%"
"10/04/2019","11,000","11,000","11,000","11,000","0.10K","3.77%"
"05/04/2019","10,600","10,600","10,600","10,600","0.10K","0.00%"
"04/04/2019","10,600","10,600","10,600","10,600","0.60K","0.95%"
"03/04/2019","10,500","10,500","10,500","10,500","0.10K","-4.55%"
"01/04/2019","11,000","10,900","11,000","10,900","0.32K","0.92%"
"29/03/2019","10,900","10,900","10,900","10,900","0.35K","-0.91%"
"27/03/2019","11,000","10,500","11,000","10,500","0.51K","4.76%"
"25/03/2019","10,500","10,500","10,500","10,500","0.10K","1.94%"
"20/03/2019","10,300","10,300","10,300","10,300","0.37K","3.00%"
"15/03/2019","10,000","10,500","10,500","9,800","2.05K","-0.99%"
"14/03/2019","10,100","10,100","10,100","10,100","0.10K","-7.34%"
"13/03/2019","10,900","10,800","10,900","10,400","3.21K","-0.91%"
"12/03/2019","11,000","11,000","11,000","10,900","6.50K","4.76%"
"08/03/2019","10,500","10,400","10,500","10,400","1.40K","1.94%"
"07/03/2019","10,300","10,300","10,300","10,300","0.50K","-6.36%"
"05/03/2019","11,000","10,200","11,000","10,200","0.30K","6.80%"
"18/02/2019","10,300","11,000","11,000","10,300","7.90K","3.00%"
"15/02/2019","10,000","10,000","10,000","10,000","0.10K","0.00%"
"13/02/2019","10,000","10,000","10,000","10,000","0.20K","-5.66%"
"12/02/2019","10,600","10,600","10,600","10,600","5.00K","2.91%"
"31/01/2019","10,300","10,300","10,300","10,300","0.10K","-4.63%"
"28/01/2019","10,800","10,000","10,800","10,000","2.70K","0.00%"
"25/01/2019","10,800","10,800","10,800","10,800","2.90K","0.00%"
"24/01/2019","10,800","10,800","10,800","10,800","2.00K","5.88%"
"23/01/2019","10,200","10,200","10,200","10,200","0.20K","-2.86%"
"21/01/2019","10,500","10,500","10,500","10,500","0.10K","0.00%"
"16/01/2019","10,500","10,700","10,700","10,500","5.10K","0.00%"
"11/01/2019","10,500","10,500","10,500","10,500","0.20K","2.94%"
"10/01/2019","10,200","10,800","10,800","10,200","3.10K","-2.86%"